[
    {
      "_id": "5e58d7edfdfd723a500cf68d",
      "matrixSize": {
        "rows": 0,
        "columns": 0
      },
      "tags": [
        "English"
      ],
      "difficulty": "2",
      "assets": [],
      "type": "mcq",
      "partialMarking": false,
      "hasRelatedQuestions": false,
      "childQuestions": [],
      "question": {
        "text": "In which year was the Mohun Bagan Club of football founded?"
      },
      "options": [
        {
          "d": {
            "text": "1850"
          },
          "v": 0
        },
        {
          "d": {
            "text": "1879"
          },
          "v": 1
        },
        {
          "d": {
            "text": "1889"
          },
          "v": 2
        },
        {
          "d": {
            "text": "1901"
          },
          "v": 3
        }
      ],
      "answer": 2,
      "solution": {
        "text": "Mohun Bagan is a football club based in Kolkata, India. The club was established in 15th August 1889 by eminent lawyer Bhupendra Nath Bose and is the oldest existing football club in India and one of the oldest clubs in Asia. The club plays in the 1-League under licence from the All India Football Federation (AIFF). The most notable victory in the history of the club was over East Yorkshire Regiment in the 1911 IFA Shield final match, which made them the first Indian cIub to win the prestigious title."
      },
      "comprehension": "",
      "topicId": "5de8f4ddf2109b7c7646f70b",
      "__v": 0,
      "disabled": false
    },
    {
      "_id": "5e58d7eafdfd723a500cf68a",
      "matrixSize": {
        "rows": 0,
        "columns": 0
      },
      "tags": [
        "English"
      ],
      "difficulty": "2",
      "assets": [],
      "type": "mcq",
      "partialMarking": false,
      "hasRelatedQuestions": false,
      "childQuestions": [],
      "question": {
        "text": "Eight-year-old Tajamul Islam of J&K is related to which game?"
      },
      "options": [
        {
          "d": {
            "text": "Squash"
          },
          "v": 0
        },
        {
          "d": {
            "text": "Kickboxing"
          },
          "v": 1
        },
        {
          "d": {
            "text": "Swimming"
          },
          "v": 2
        },
        {
          "d": {
            "text": "Football"
          },
          "v": 3
        }
      ],
      "answer": 1,
      "solution": {
        "text": "Eight-year old Tajamul Islam of Jammu and Kashmir made India proud by winning the World Kick-boxing Championship is Italy. She was the first ever Indian in the sub-junior category to clinch a gold medal."
      },
      "comprehension": "",
      "topicId": "5de8f4ddf2109b7c7646f70b",
      "__v": 0,
      "disabled": false
    },
    {
      "_id": "5e58d7e8c213a93a848ce246",
      "matrixSize": {
        "rows": 0,
        "columns": 0
      },
      "tags": [
        "English"
      ],
      "difficulty": "2",
      "assets": [],
      "type": "mcq",
      "partialMarking": false,
      "hasRelatedQuestions": false,
      "childQuestions": [],
      "question": {
        "text": "Match the following Iists <br>\n<table>\n<tr><th>List-I <br>(Players)</th><th>List-II <br> (Sport)</th></tr>\n <tr><td>A. Samir Suhag</td><td> 1. Polo</td></tr> \n <tr><td>B. Vikas Krishan </td><td>2. Boxing </td></tr>\n <tr><td>C. Anup Kumar </td><td>3. Kabaddi</td></tr>\n  <tr><td>D. Yash Pal Solanki</td><td> 4. Judo</td></tr>"
      },
      "options": [
        {
          "d": {
            "text": "A : 1 B : 2 C : 3 D : 4"
          },
          "v": 0
        },
        {
          "d": {
            "text": "A : 2 B : 1 C : 3 D : 4"
          },
          "v": 1
        },
        {
          "d": {
            "text": "A : 4 B : 3 C : 2 I"
          },
          "v": 2
        },
        {
          "d": {
            "text": "A : 2 B : 1 C : 3 D : 4"
          },
          "v": 3
        }
      ],
      "answer": 0,
      "solution": {
        "text": ""
      },
      "comprehension": "",
      "topicId": "5de8f4ddf2109b7c7646f70b",
      "__v": 0,
      "disabled": false
    },
    {
      "_id": "5e58d7e8c213a93a848ce247",
      "matrixSize": {
        "rows": 0,
        "columns": 0
      },
      "tags": [
        "English"
      ],
      "difficulty": "1",
      "assets": [],
      "type": "mcq",
      "partialMarking": false,
      "hasRelatedQuestions": false,
      "childQuestions": [],
      "question": {
        "text": "Who is the first Indian woman to win Olympic medal?"
      },
      "options": [
        {
          "d": {
            "text": "Kunjarani Devi"
          },
          "v": 0
        },
        {
          "d": {
            "text": "Mary Korn"
          },
          "v": 1
        },
        {
          "d": {
            "text": "Kamam Malleshwari"
          },
          "v": 2
        },
        {
          "d": {
            "text": "Tania Sachdev"
          },
          "v": 3
        }
      ],
      "answer": 2,
      "solution": {
        "text": "Karnam Mallcshwari won a bronze medal in the 2000 Summer Olympics at Sydney lifting 240 kg and became the first Indian woman to win an Olympic medal."
      },
      "comprehension": "",
      "topicId": "5de8f4ddf2109b7c7646f70b",
      "__v": 0,
      "disabled": false
    },
    {
      "_id": "5e58d7e4c213a93a848ce242",
      "matrixSize": {
        "rows": 0,
        "columns": 0
      },
      "tags": [
        "English"
      ],
      "difficulty": "1",
      "assets": [],
      "type": "mcq",
      "partialMarking": false,
      "hasRelatedQuestions": false,
      "childQuestions": [],
      "question": {
        "text": "Duleep Trophy is associated with the game of"
      },
      "options": [
        {
          "d": {
            "text": "Hockey"
          },
          "v": 0
        },
        {
          "d": {
            "text": "Badminton"
          },
          "v": 1
        },
        {
          "d": {
            "text": "Football"
          },
          "v": 2
        },
        {
          "d": {
            "text": "Cricket"
          },
          "v": 3
        }
      ],
      "answer": 3,
      "solution": {
        "text": "The Duleep Trophy is a domestic first-class cricket competition played in India between teams representing geographical zones of lndia. The competition is named after Kumar Shri Duleepsinhji."
      },
      "comprehension": "",
      "topicId": "5de8f4ddf2109b7c7646f70b",
      "__v": 0,
      "disabled": false
    },
    {
      "_id": "5e58d7e6c213a93a848ce244",
      "matrixSize": {
        "rows": 0,
        "columns": 0
      },
      "tags": [
        "English"
      ],
      "difficulty": "2",
      "assets": [],
      "type": "mcq",
      "partialMarking": false,
      "hasRelatedQuestions": false,
      "childQuestions": [],
      "question": {
        "text": "Match List-I with List-II and select the correct answer using the codes given below :<br> \n<table>\n<tr><th>List-I</th><th> List-II</th></tr> \n<tr><td>A. Ravindra Jadeja</td><td> 1. Cricket </td></tr>\n<tr><td>B. Gagan Narang </td><td> 2. Shooting </td></tr>\n<tr><td>C. Saina Nehwal </td><td> 3. Badminton </td></tr>\n<tr><td>D. Somdev Devvarman</td><td>  4.Tennis</td></tr>"
      },
      "options": [
        {
          "d": {
            "text": "A : 1 B : 2 C : 3 D : 4"
          },
          "v": 0
        },
        {
          "d": {
            "text": "A : 4 B : 3 C : 2 D : 1"
          },
          "v": 1
        },
        {
          "d": {
            "text": "A : 3 B : 4 C : 2 D : 1"
          },
          "v": 2
        },
        {
          "d": {
            "text": "A : 1 B : 3 C : 4 D : 2"
          },
          "v": 3
        }
      ],
      "answer": 0,
      "solution": {
        "text": "Correctly matched : <br>Ravindra Jadeja — Cricket<br>Gagan Narang — Shooting<br>Saina Nehwal — Badminton<br>Somdev Devvarman — Tennis"
      },
      "comprehension": "",
      "topicId": "5de8f4ddf2109b7c7646f70b",
      "__v": 0,
      "disabled": false
    },
    {
      "_id": "5e58d7e1a70b153a56e3d910",
      "matrixSize": {
        "rows": 0,
        "columns": 0
      },
      "tags": [
        "English"
      ],
      "difficulty": "1",
      "assets": [],
      "type": "mcq",
      "partialMarking": false,
      "hasRelatedQuestions": false,
      "childQuestions": [],
      "question": {
        "text": "National Sports day is celebrated on"
      },
      "options": [
        {
          "d": {
            "text": "29th Aug."
          },
          "v": 0
        },
        {
          "d": {
            "text": "4th Dec."
          },
          "v": 1
        },
        {
          "d": {
            "text": "14th Nov."
          },
          "v": 2
        },
        {
          "d": {
            "text": "28th Oct."
          },
          "v": 3
        }
      ],
      "answer": 0,
      "solution": {
        "text": "National Sports Day is celebrated on 29th August in the memory of the great hockey player Major Dhyan Chand."
      },
      "comprehension": "",
      "topicId": "5de8f4ddf2109b7c7646f70b",
      "__v": 0,
      "disabled": false
    },
    {
      "_id": "5e58d7e2a70b153a56e3d911",
      "matrixSize": {
        "rows": 0,
        "columns": 0
      },
      "tags": [
        "English"
      ],
      "difficulty": "3",
      "assets": [],
      "type": "mcq",
      "partialMarking": false,
      "hasRelatedQuestions": false,
      "childQuestions": [],
      "question": {
        "text": "In which Indian state did the game of ‘polo’ originate?"
      },
      "options": [
        {
          "d": {
            "text": "Nagaland"
          },
          "v": 0
        },
        {
          "d": {
            "text": "Manipur"
          },
          "v": 1
        },
        {
          "d": {
            "text": "Mizoram"
          },
          "v": 2
        },
        {
          "d": {
            "text": "Kerala"
          },
          "v": 3
        }
      ],
      "answer": 1,
      "solution": {
        "text": "The modern game of poIo, though was formalised and popularised by the British, is actually derived from Manipur, India, where the game was known as ‘Sagol Kangjei’, ‘Kanjai-bazce’, or ‘Pulu’."
      },
      "comprehension": "",
      "topicId": "5de8f4ddf2109b7c7646f70b",
      "__v": 0,
      "disabled": false
    },
    {
      "_id": "5e58d7e0fdfd723a500cf681",
      "matrixSize": {
        "rows": 0,
        "columns": 0
      },
      "tags": [
        "English"
      ],
      "difficulty": "2",
      "assets": [],
      "type": "mcq",
      "partialMarking": false,
      "hasRelatedQuestions": false,
      "childQuestions": [],
      "question": {
        "text": "Rangaswami Cup is associated with"
      },
      "options": [
        {
          "d": {
            "text": "Wrestling"
          },
          "v": 0
        },
        {
          "d": {
            "text": "Football"
          },
          "v": 1
        },
        {
          "d": {
            "text": "Hockey"
          },
          "v": 2
        },
        {
          "d": {
            "text": "Golf"
          },
          "v": 3
        }
      ],
      "answer": 2,
      "solution": {
        "text": ""
      },
      "comprehension": "",
      "topicId": "5de8f4ddf2109b7c7646f70b",
      "__v": 0,
      "disabled": false
    },
    {
      "_id": "5e58d7e8a70b153a56e3d918",
      "matrixSize": {
        "rows": 0,
        "columns": 0
      },
      "tags": [
        "English"
      ],
      "difficulty": "2",
      "assets": [],
      "type": "mcq",
      "partialMarking": false,
      "hasRelatedQuestions": false,
      "childQuestions": [],
      "question": {
        "text": "Match the Folowing:<br> \n<table>\n<tr><td>A. Arthur Walker Trophy</td><td> 1. Billiards</td></tr>\n<tr><td> B. Naidu Trophy </td><td> 2. Chess</td></tr>\n <tr><td>C. President’s Trophy </td><td>3. Golf</td></tr>\n <tr><td>D. Federation Cup </td><td>4. Athletics</td></tr>"
      },
      "options": [
        {
          "d": {
            "text": "A : 4 B : 3 C : 2 D : 1"
          },
          "v": 0
        },
        {
          "d": {
            "text": "A : 1 B : 2 C : 3 D : 4"
          },
          "v": 1
        },
        {
          "d": {
            "text": "A : 1 B : 2 C : 4 D : 3"
          },
          "v": 2
        },
        {
          "d": {
            "text": "A : 3 B : 4 C : 2 D : 1"
          },
          "v": 3
        }
      ],
      "answer": 1,
      "solution": {
        "text": ""
      },
      "comprehension": "",
      "topicId": "5de8f4ddf2109b7c7646f70b",
      "__v": 0,
      "disabled": false
    },
    {
      "_id": "5e58d7e6fdfd723a500cf687",
      "matrixSize": {
        "rows": 0,
        "columns": 0
      },
      "tags": [
        "English"
      ],
      "difficulty": "2",
      "assets": [],
      "type": "mcq",
      "partialMarking": false,
      "hasRelatedQuestions": false,
      "childQuestions": [],
      "question": {
        "text": "Consider the following statements:<br>1. Saina Nehwal is the first Indian badminton player who won the bronze medal in the Olympic Games 2012. <br>2. Karnam Malleshwari was the first Indian woman to win the individual medal in Olympic games. <br>3. Karnam Malleshwari is associated with weight lifting.<br>Which of the above is/are true?"
      },
      "options": [
        {
          "d": {
            "text": "1 only"
          },
          "v": 0
        },
        {
          "d": {
            "text": "2 only"
          },
          "v": 1
        },
        {
          "d": {
            "text": "1, 2 and 3"
          },
          "v": 2
        },
        {
          "d": {
            "text": "2 and 3 only"
          },
          "v": 3
        }
      ],
      "answer": 2,
      "solution": {
        "text": "Saina Nehwal is the first Indian badminton player, won the bronze medal in the Olympic Games 2012 and Karnam Malleshwari was the first Indian woman to win the individual medal in Olympic games, who is associated with weight lifting."
      },
      "comprehension": "",
      "topicId": "5de8f4ddf2109b7c7646f70b",
      "__v": 0,
      "disabled": false
    },
    {
      "_id": "5e58d7eba70b153a56e3d91b",
      "matrixSize": {
        "rows": 0,
        "columns": 0
      },
      "tags": [
        "English"
      ],
      "difficulty": "2",
      "assets": [],
      "type": "mcq",
      "partialMarking": false,
      "hasRelatedQuestions": false,
      "childQuestions": [],
      "question": {
        "text": "Who among the following was a Hockey player of Madhya Pradesh?"
      },
      "options": [
        {
          "d": {
            "text": "Sameer Dad"
          },
          "v": 0
        },
        {
          "d": {
            "text": "Kirti Patel"
          },
          "v": 1
        },
        {
          "d": {
            "text": "Michael Nath"
          },
          "v": 2
        },
        {
          "d": {
            "text": "Amit Banerjee"
          },
          "v": 3
        }
      ],
      "answer": 0,
      "solution": {
        "text": "Mohammad Sameer Dad, born in Bhopal, Madhya Pradesh is a field hockey forward from India, who made his debut for the Men's National Team in January 1998 during the test series against Germany."
      },
      "comprehension": "",
      "topicId": "5de8f4ddf2109b7c7646f70b",
      "__v": 0,
      "disabled": false
    },
    {
      "_id": "5e58d7e4a70b153a56e3d914",
      "matrixSize": {
        "rows": 0,
        "columns": 0
      },
      "tags": [
        "English"
      ],
      "difficulty": "2",
      "assets": [],
      "type": "mcq",
      "partialMarking": false,
      "hasRelatedQuestions": false,
      "childQuestions": [],
      "question": {
        "text": "In which year did Milkha Singh win the first National title in the 400 m race?"
      },
      "options": [
        {
          "d": {
            "text": "1955"
          },
          "v": 0
        },
        {
          "d": {
            "text": "1956"
          },
          "v": 1
        },
        {
          "d": {
            "text": "1957"
          },
          "v": 2
        },
        {
          "d": {
            "text": "1970"
          },
          "v": 3
        }
      ],
      "answer": 2,
      "solution": {
        "text": ""
      },
      "comprehension": "",
      "topicId": "5de8f4ddf2109b7c7646f70b",
      "__v": 0,
      "disabled": false
    },
    {
      "_id": "5e58d7e7c213a93a848ce245",
      "matrixSize": {
        "rows": 0,
        "columns": 0
      },
      "tags": [
        "English"
      ],
      "difficulty": null,
      "assets": [],
      "type": "mcq",
      "partialMarking": false,
      "hasRelatedQuestions": false,
      "childQuestions": [],
      "question": {
        "text": "Consider the following statements. To be eligible for the Arjuna Award, a sportsperson should <br>1. have good performance consistently for the previous three years at the international level with excellence for the year for which the Award is recommended. <br>2. show qualities of leadership, sportsmanship and a sense of discipline. <br>Which of the above is/are true?"
      },
      "options": [
        {
          "d": {
            "text": "1 only"
          },
          "v": 0
        },
        {
          "d": {
            "text": "2 only"
          },
          "v": 1
        },
        {
          "d": {
            "text": "Both 1 and 2"
          },
          "v": 2
        },
        {
          "d": {
            "text": "None of these"
          },
          "v": 3
        }
      ],
      "answer": 1,
      "solution": {
        "text": ""
      },
      "comprehension": "",
      "topicId": "5de8f4ddf2109b7c7646f70b",
      "__v": 0,
      "disabled": false
    },
    {
      "_id": "5e58d7e9fdfd723a500cf689",
      "matrixSize": {
        "rows": 0,
        "columns": 0
      },
      "tags": [
        "English"
      ],
      "difficulty": "3",
      "assets": [],
      "type": "mcq",
      "partialMarking": false,
      "hasRelatedQuestions": false,
      "childQuestions": [],
      "question": {
        "text": "Beighton Cup is related to which of the following sport?"
      },
      "options": [
        {
          "d": {
            "text": "Hockey"
          },
          "v": 0
        },
        {
          "d": {
            "text": "Badminton"
          },
          "v": 1
        },
        {
          "d": {
            "text": "Cricket"
          },
          "v": 2
        }
      ],
      "answer": 1,
      "solution": {
        "text": "Beighton Cup is one of the oldest field hockey tournament running till datc.J Instituted in 1895, it is organised by Bengal Hockey Association and used to be held on natural grass at the Mohun Bagan ground on the Maidan in Kolkata."
      },
      "comprehension": "",
      "topicId": "5de8f4ddf2109b7c7646f70b",
      "__v": 0,
      "disabled": false
    },
    {
      "_id": "5e58d7e4fdfd723a500cf685",
      "matrixSize": {
        "rows": 0,
        "columns": 0
      },
      "tags": [
        "English"
      ],
      "difficulty": "2",
      "assets": [],
      "type": "mcq",
      "partialMarking": false,
      "hasRelatedQuestions": false,
      "childQuestions": [],
      "question": {
        "text": "How many players are there in Kho-Kho?"
      },
      "options": [
        {
          "d": {
            "text": "9"
          },
          "v": 0
        },
        {
          "d": {
            "text": "10"
          },
          "v": 1
        },
        {
          "d": {
            "text": "8"
          },
          "v": 2
        },
        {
          "d": {
            "text": "7"
          },
          "v": 3
        }
      ],
      "answer": 0,
      "solution": {
        "text": ""
      },
      "comprehension": "",
      "topicId": "5de8f4ddf2109b7c7646f70b",
      "__v": 0,
      "disabled": false
    },
    {
      "_id": "5e58d7e0a70b153a56e3d90f",
      "matrixSize": {
        "rows": 0,
        "columns": 0
      },
      "tags": [
        "English"
      ],
      "difficulty": "2",
      "assets": [],
      "type": "mcq",
      "partialMarking": false,
      "hasRelatedQuestions": false,
      "childQuestions": [],
      "question": {
        "text": "‘Subroto Cup' is associated with"
      },
      "options": [
        {
          "d": {
            "text": "Badminton"
          },
          "v": 0
        },
        {
          "d": {
            "text": "Cricket"
          },
          "v": 1
        },
        {
          "d": {
            "text": "Chess"
          },
          "v": 2
        },
        {
          "d": {
            "text": "Football"
          },
          "v": 3
        }
      ],
      "answer": 3,
      "solution": {
        "text": "Subroto Cup Football Tournament is an inter-school football tournament in India, named after the Indian Air Force Air Marshal Subroto Mukcrjcc. Subroto Cup is conducted by the Indian Air Force, with support from India’s Ministry of Youth Affairs & Sports."
      },
      "comprehension": "",
      "topicId": "5de8f4ddf2109b7c7646f70b",
      "__v": 0,
      "disabled": false
    },
    {
      "_id": "5e58d7e0c213a93a848ce23e",
      "matrixSize": {
        "rows": 0,
        "columns": 0
      },
      "tags": [
        "English"
      ],
      "difficulty": "2",
      "assets": [],
      "type": "mcq",
      "partialMarking": false,
      "hasRelatedQuestions": false,
      "childQuestions": [],
      "question": {
        "text": "\"Dipeeka Kumari' is known for her outstanding performance in which of the following?"
      },
      "options": [
        {
          "d": {
            "text": "Boxing"
          },
          "v": 0
        },
        {
          "d": {
            "text": "Athletics"
          },
          "v": 1
        },
        {
          "d": {
            "text": "Basketball"
          },
          "v": 2
        },
        {
          "d": {
            "text": "Baseball"
          },
          "v": 3
        }
      ],
      "answer": 3,
      "solution": {
        "text": "Deepika Kumari is an Indian athlete who competes in the events of Archery. She has also won Gold in 2010 Commonwealth games. She has also became an Arjuna Award winner in 2012."
      },
      "comprehension": "",
      "topicId": "5de8f4ddf2109b7c7646f70b",
      "__v": 0,
      "disabled": false
    },
    {
      "_id": "5e58d7ecc213a93a848ce24b",
      "matrixSize": {
        "rows": 0,
        "columns": 0
      },
      "tags": [
        "English"
      ],
      "difficulty": null,
      "assets": [],
      "type": "mcq",
      "partialMarking": false,
      "hasRelatedQuestions": false,
      "childQuestions": [],
      "question": {
        "text": "The first Jharkhand women to scale Mt. Everest is—"
      },
      "options": [
        {
          "d": {
            "text": "Bachendri Pal"
          },
          "v": 0
        },
        {
          "d": {
            "text": "Premlata Agrawal"
          },
          "v": 1
        },
        {
          "d": {
            "text": "Aruna Mishra"
          },
          "v": 2
        },
        {
          "d": {
            "text": "None of the above"
          },
          "v": 3
        }
      ],
      "answer": 1,
      "solution": {
        "text": "Bachendri Pal was the first Jharkhand woman to scale Mt. Everest."
      },
      "comprehension": "",
      "topicId": "5de8f4ddf2109b7c7646f70b",
      "__v": 0,
      "disabled": false
    },
    {
      "_id": "5e58d7eca70b153a56e3d91d",
      "matrixSize": {
        "rows": 0,
        "columns": 0
      },
      "tags": [
        "English"
      ],
      "difficulty": "2",
      "assets": [],
      "type": "mcq",
      "partialMarking": false,
      "hasRelatedQuestions": false,
      "childQuestions": [],
      "question": {
        "text": "Who amongst the following is the first Indian woman to be nominated to the International Olympic Committee?"
      },
      "options": [
        {
          "d": {
            "text": "Nita Ambani"
          },
          "v": 0
        },
        {
          "d": {
            "text": "Anjum Chopra"
          },
          "v": 1
        },
        {
          "d": {
            "text": "Mithali Raj"
          },
          "v": 2
        },
        {
          "d": {
            "text": "Chanda Kochar"
          },
          "v": 3
        }
      ],
      "answer": 0,
      "solution": {
        "text": "The founder and chairperson of the Reliance foundation Nita Ambani became the first Indian women member of International Olympic Committee after being elected at the 129th IOC Session in Rio."
      },
      "comprehension": "",
      "topicId": "5de8f4ddf2109b7c7646f70b",
      "__v": 0,
      "disabled": false
    },
    {
      "_id": "5e58d7edc213a93a848ce24c",
      "matrixSize": {
        "rows": 0,
        "columns": 0
      },
      "tags": [
        "English"
      ],
      "difficulty": "3",
      "assets": [],
      "type": "mcq",
      "partialMarking": false,
      "hasRelatedQuestions": false,
      "childQuestions": [],
      "question": {
        "text": "What was the name of the Cricket World Cup played in 1987?"
      },
      "options": [
        {
          "d": {
            "text": "Reliance Cup"
          },
          "v": 0
        },
        {
          "d": {
            "text": "Benson and Hedges Cup"
          },
          "v": 1
        },
        {
          "d": {
            "text": "Wills Cup"
          },
          "v": 2
        },
        {
          "d": {
            "text": "None of the above"
          },
          "v": 3
        }
      ],
      "answer": 0,
      "solution": {
        "text": "The 1987 Cricket World Cup (known as the Reliance Cup 1987 for sponsorship reasons) was the fourth edition of the ICC Cricket World Cup tournament. It was held from 8 October to 8 November 1987 in India and Pakistan - the first such tournament to be held outside England."
      },
      "comprehension": "",
      "topicId": "5de8f4ddf2109b7c7646f70b",
      "__v": 0,
      "disabled": false
    },
    {
      "_id": "5e58d7ecfdfd723a500cf68c",
      "matrixSize": {
        "rows": 0,
        "columns": 0
      },
      "tags": [
        "English"
      ],
      "difficulty": "1",
      "assets": [],
      "type": "mcq",
      "partialMarking": false,
      "hasRelatedQuestions": false,
      "childQuestions": [],
      "question": {
        "text": "The ‘Durand Cup' is associated with the game of—"
      },
      "options": [
        {
          "d": {
            "text": "BasebalI"
          },
          "v": 0
        },
        {
          "d": {
            "text": "Football"
          },
          "v": 1
        },
        {
          "d": {
            "text": "Basketball"
          },
          "v": 2
        },
        {
          "d": {
            "text": "Tennis"
          },
          "v": 3
        }
      ],
      "answer": 1,
      "solution": {
        "text": "The ‘Durand Cup' is associated with football."
      },
      "comprehension": "",
      "topicId": "5de8f4ddf2109b7c7646f70b",
      "__v": 0,
      "disabled": false
    },
    {
      "_id": "5e58d7ebfdfd723a500cf68b",
      "matrixSize": {
        "rows": 0,
        "columns": 0
      },
      "tags": [
        "English"
      ],
      "difficulty": "1",
      "assets": [],
      "type": "mcq",
      "partialMarking": false,
      "hasRelatedQuestions": false,
      "childQuestions": [],
      "question": {
        "text": "Where is Roop Singh Stadium located?"
      },
      "options": [
        {
          "d": {
            "text": "Gwalior"
          },
          "v": 0
        },
        {
          "d": {
            "text": "Indore"
          },
          "v": 1
        },
        {
          "d": {
            "text": "Bhopal"
          },
          "v": 2
        },
        {
          "d": {
            "text": "Jabalpur"
          },
          "v": 3
        }
      ],
      "answer": 0,
      "solution": {
        "text": "Captain Roop Singh Stadium, is a cricket ground in Gwalior. Madhya Pradesh. The stadium has hosted 10 ODI matches, the first one was played between India and West Indies on 22 January, 1988. It has a limit of 18, 000 people. It was originally a hockey stadium named after great Indian hockey player Roop Singh."
      },
      "comprehension": "",
      "topicId": "5de8f4ddf2109b7c7646f70b",
      "__v": 0,
      "disabled": false
    },
    {
      "_id": "5e58d7e1c213a93a848ce23f",
      "matrixSize": {
        "rows": 0,
        "columns": 0
      },
      "tags": [
        "English"
      ],
      "difficulty": "1",
      "assets": [],
      "type": "mcq",
      "partialMarking": false,
      "hasRelatedQuestions": false,
      "childQuestions": [],
      "question": {
        "text": "Which of the following trophies is not concerned with football?"
      },
      "options": [
        {
          "d": {
            "text": "Durand trophy"
          },
          "v": 0
        },
        {
          "d": {
            "text": "Rovers cup"
          },
          "v": 1
        },
        {
          "d": {
            "text": "Euro cup"
          },
          "v": 2
        },
        {
          "d": {
            "text": "Ranji trophy"
          },
          "v": 3
        }
      ],
      "answer": 3,
      "solution": {
        "text": "Ranji Trophy is associated with cricket and not football. The Ranji Trophy is a domestic first-class cricket championship played in India. The competition is named after England and Sussex cricketer Kumar Shri Ranjitsinhji."
      },
      "comprehension": "",
      "topicId": "5de8f4ddf2109b7c7646f70b",
      "__v": 0,
      "disabled": false
    },
    {
      "_id": "5e58d7e7a70b153a56e3d917",
      "matrixSize": {
        "rows": 0,
        "columns": 0
      },
      "tags": [
        "English"
      ],
      "difficulty": "3",
      "assets": [],
      "type": "mcq",
      "partialMarking": false,
      "hasRelatedQuestions": false,
      "childQuestions": [],
      "question": {
        "text": "Consider the following statements. <br>1. The 1st Indian to win an individual medal in Olympics was K D Jadhav. <br>2. Kunjarani Devi is associated with Weight lifting. <br>Which of the above is/are true?"
      },
      "options": [
        {
          "d": {
            "text": "1 only"
          },
          "v": 0
        },
        {
          "d": {
            "text": "2 only"
          },
          "v": 1
        },
        {
          "d": {
            "text": "Both 1 and 2"
          },
          "v": 2
        },
        {
          "d": {
            "text": "None of these"
          },
          "v": 3
        }
      ],
      "answer": 2,
      "solution": {
        "text": ""
      },
      "comprehension": "",
      "topicId": "5de8f4ddf2109b7c7646f70b",
      "__v": 0,
      "disabled": false
    },
    {
      "_id": "5e58d7e1fdfd723a500cf682",
      "matrixSize": {
        "rows": 0,
        "columns": 0
      },
      "tags": [
        "English"
      ],
      "difficulty": "1",
      "assets": [],
      "type": "mcq",
      "partialMarking": false,
      "hasRelatedQuestions": false,
      "childQuestions": [],
      "question": {
        "text": "Wankhede Stadium is situated in"
      },
      "options": [
        {
          "d": {
            "text": "Mumbai"
          },
          "v": 0
        },
        {
          "d": {
            "text": "Delhi"
          },
          "v": 1
        },
        {
          "d": {
            "text": "Lucknow"
          },
          "v": 2
        },
        {
          "d": {
            "text": "Bangalore"
          },
          "v": 3
        }
      ],
      "answer": 0,
      "solution": {
        "text": "Wankhede stadium is in Mumbai. It is in this stadium that India had won the World cup cricket in 2011 against Sri Lanka."
      },
      "comprehension": "",
      "topicId": "5de8f4ddf2109b7c7646f70b",
      "__v": 0,
      "disabled": false
    },
    {
      "_id": "5e58d7eaa70b153a56e3d91a",
      "matrixSize": {
        "rows": 0,
        "columns": 0
      },
      "tags": [
        "English"
      ],
      "difficulty": null,
      "assets": [],
      "type": "mcq",
      "partialMarking": false,
      "hasRelatedQuestions": false,
      "childQuestions": [],
      "question": {
        "text": "In which year was the Mohun Bagan CIub of football founded?"
      },
      "options": [
        {
          "d": {
            "text": "1850"
          },
          "v": 0
        },
        {
          "d": {
            "text": "1879"
          },
          "v": 1
        },
        {
          "d": {
            "text": "1889"
          },
          "v": 2
        },
        {
          "d": {
            "text": "1901"
          },
          "v": 3
        }
      ],
      "answer": 2,
      "solution": {
        "text": "Mohun Bagan Athletic Club is a football club based in Kolkata, West Bengal, India. The club was established in 1889 by Bhupcndra Nath Bose and is the oldest existing football club in India."
      },
      "comprehension": "",
      "topicId": "5de8f4ddf2109b7c7646f70b",
      "__v": 0,
      "disabled": false
    },
    {
      "_id": "5e58d7dfc213a93a848ce23c",
      "matrixSize": {
        "rows": 0,
        "columns": 0
      },
      "tags": [
        "English"
      ],
      "difficulty": "3",
      "assets": [],
      "type": "mcq",
      "partialMarking": false,
      "hasRelatedQuestions": false,
      "childQuestions": [],
      "question": {
        "text": "India first won the Olympic hockey gold at"
      },
      "options": [
        {
          "d": {
            "text": "Amsterdam"
          },
          "v": 0
        },
        {
          "d": {
            "text": "Los Angeles"
          },
          "v": 1
        },
        {
          "d": {
            "text": "Mumbai"
          },
          "v": 2
        },
        {
          "d": {
            "text": "Tokyo"
          },
          "v": 3
        }
      ],
      "answer": 0,
      "solution": {
        "text": "The Indian national field hockey team had won its first Gold in 1928 at Amsterdam, Nederlands in which India defeated the Nederlands by 3-0. India also won Gold in 1932, 1936, 1948. 1952. 1956, 1964, and 1980."
      },
      "comprehension": "",
      "topicId": "5de8f4ddf2109b7c7646f70b",
      "__v": 0,
      "disabled": false
    },
    {
      "_id": "5e58d7ebc213a93a848ce24a",
      "matrixSize": {
        "rows": 0,
        "columns": 0
      },
      "tags": [
        "English"
      ],
      "difficulty": "2",
      "assets": [],
      "type": "mcq",
      "partialMarking": false,
      "hasRelatedQuestions": false,
      "childQuestions": [],
      "question": {
        "text": "The tradition of which game started with the setting up of the Parsee Club?"
      },
      "options": [
        {
          "d": {
            "text": "Hockey"
          },
          "v": 0
        },
        {
          "d": {
            "text": "Football"
          },
          "v": 1
        },
        {
          "d": {
            "text": "Cricket"
          },
          "v": 2
        },
        {
          "d": {
            "text": "Table Tennis"
          },
          "v": 3
        }
      ],
      "answer": 2,
      "solution": {
        "text": "The Parsees (a.k.a. Parsis) cricket team was an Indian first-class cricket team which took part in the annual Bombay tournament"
      },
      "comprehension": "",
      "topicId": "5de8f4ddf2109b7c7646f70b",
      "__v": 0,
      "disabled": false
    },
    {
      "_id": "5e58d7eac213a93a848ce249",
      "matrixSize": {
        "rows": 0,
        "columns": 0
      },
      "tags": [
        "English"
      ],
      "difficulty": "3",
      "assets": [],
      "type": "mcq",
      "partialMarking": false,
      "hasRelatedQuestions": false,
      "childQuestions": [],
      "question": {
        "text": "Manohar Aich was called ‘Pocket Hercules’. He was a/an—"
      },
      "options": [
        {
          "d": {
            "text": "boxer"
          },
          "v": 0
        },
        {
          "d": {
            "text": "athlete"
          },
          "v": 1
        },
        {
          "d": {
            "text": "swimmer"
          },
          "v": 2
        },
        {
          "d": {
            "text": "bodybuilder"
          },
          "v": 3
        }
      ],
      "answer": 3,
      "solution": {
        "text": "Manohar Aich was an Indian body builder. He was the second Indian to win any Mr. Universal title. He did so in the 1952 NABBA Universe Championships. At 4 feet 11 inches (1.50 m) tall, he was given the name ‘Pocket Hercules’."
      },
      "comprehension": "",
      "topicId": "5de8f4ddf2109b7c7646f70b",
      "__v": 0,
      "disabled": false
    },
    {
      "_id": "5e58d7e4a70b153a56e3d913",
      "matrixSize": {
        "rows": 0,
        "columns": 0
      },
      "tags": [
        "English"
      ],
      "difficulty": "1",
      "assets": [],
      "type": "mcq",
      "partialMarking": false,
      "hasRelatedQuestions": false,
      "childQuestions": [],
      "question": {
        "text": "The sportsperson Sunil Chhetri is associated with"
      },
      "options": [
        {
          "d": {
            "text": "Football"
          },
          "v": 0
        },
        {
          "d": {
            "text": "Shooting"
          },
          "v": 1
        },
        {
          "d": {
            "text": "Cricket"
          },
          "v": 2
        },
        {
          "d": {
            "text": "Hockey"
          },
          "v": 3
        }
      ],
      "answer": 0,
      "solution": {
        "text": "Sunil Chhetri is an Indian professional footballer who plays as a striker for Bengaluru FC in the I-League."
      },
      "comprehension": "",
      "topicId": "5de8f4ddf2109b7c7646f70b",
      "__v": 0,
      "disabled": false
    },
    {
      "_id": "5e58d7e6a70b153a56e3d916",
      "matrixSize": {
        "rows": 0,
        "columns": 0
      },
      "tags": [
        "English"
      ],
      "difficulty": "2",
      "assets": [],
      "type": "mcq",
      "partialMarking": false,
      "hasRelatedQuestions": false,
      "childQuestions": [],
      "question": {
        "text": "Match the following :<br> \n<table>\n<tr><th>List-I <br>(Name)</th><th>List-II<br>  (Event in London Olympic 2012)</th></tr>\n<tr><td> A. Vijay Kumar </td><td>1. Men’s 10 m air rifles</td></tr>\n<tr><td> B. Gagan Narang </td><td>2. Men’s 25 m rapid fire pistol</td></tr>\n<tr><td> C. Sushil Kumar </td><td>3. Men’s 60 kg freestyle</td></tr>\n<tr><td> D. Yogeshwar Dutt </td><td>4. Men’s 66 kg freestyle</td></tr>\n</table>"
      },
      "options": [
        {
          "d": {
            "text": "A : 3 B : 2 C : 4 D : 1"
          },
          "v": 0
        },
        {
          "d": {
            "text": "A : 1 B : 2 C : 3 D : 4"
          },
          "v": 1
        },
        {
          "d": {
            "text": "A : 2 B : 1 C : 4 D : 3"
          },
          "v": 2
        },
        {
          "d": {
            "text": "A : 4 B : 3 C : 2 D : 1"
          },
          "v": 3
        }
      ],
      "answer": 2,
      "solution": {
        "text": "Correctly matched :<br>Vijay Kumar — Men’s 25 m rapid fire pistol<br>Gagan Narang — Men’s 10 m air rifles<br>Sushil Kumar — Men’s 66 kg freestyle<br>Yogeshwar Dutt — Men’s 60 kg freestyle"
      },
      "comprehension": "",
      "topicId": "5de8f4ddf2109b7c7646f70b",
      "__v": 0,
      "disabled": false
    },
    {
      "_id": "5e58d7eba70b153a56e3d91c",
      "matrixSize": {
        "rows": 0,
        "columns": 0
      },
      "tags": [
        "English"
      ],
      "difficulty": "2",
      "assets": [],
      "type": "mcq",
      "partialMarking": false,
      "hasRelatedQuestions": false,
      "childQuestions": [],
      "question": {
        "text": "With which game is Amitabh Vijayvargiya associated?"
      },
      "options": [
        {
          "d": {
            "text": "Hockey"
          },
          "v": 0
        },
        {
          "d": {
            "text": "Football"
          },
          "v": 1
        },
        {
          "d": {
            "text": "Cricket"
          },
          "v": 2
        },
        {
          "d": {
            "text": "None of the above"
          },
          "v": 3
        }
      ],
      "answer": 2,
      "solution": {
        "text": "Amitabh Vishwaprakash Vijayvargiya is related with cricket. He is a right-hand batsman. He was born in Indore in Madhya Pradesh."
      },
      "comprehension": "",
      "topicId": "5de8f4ddf2109b7c7646f70b",
      "__v": 0,
      "disabled": false
    },
    {
      "_id": "5e58d7e5c213a93a848ce243",
      "matrixSize": {
        "rows": 0,
        "columns": 0
      },
      "tags": [
        "English"
      ],
      "difficulty": "2",
      "assets": [],
      "type": "mcq",
      "partialMarking": false,
      "hasRelatedQuestions": false,
      "childQuestions": [],
      "question": {
        "text": "Which of the foIlowing football clubs announced to open its first official football school in India?"
      },
      "options": [
        {
          "d": {
            "text": "Barcelona"
          },
          "v": 0
        },
        {
          "d": {
            "text": "Leverpool"
          },
          "v": 1
        },
        {
          "d": {
            "text": "AC Milan"
          },
          "v": 2
        },
        {
          "d": {
            "text": "Chelsea"
          },
          "v": 3
        }
      ],
      "answer": 0,
      "solution": {
        "text": "Football Club Bareelona, also known as BareeIona and familiarly as Barkis a professional football club, based in Bareelona, Catalonia, Spain."
      },
      "comprehension": "",
      "topicId": "5de8f4ddf2109b7c7646f70b",
      "__v": 0,
      "disabled": false
    },
    {
      "_id": "5e58d7e3a70b153a56e3d912",
      "matrixSize": {
        "rows": 0,
        "columns": 0
      },
      "tags": [
        "English"
      ],
      "difficulty": "1",
      "assets": [],
      "type": "mcq",
      "partialMarking": false,
      "hasRelatedQuestions": false,
      "childQuestions": [],
      "question": {
        "text": "Gautam budha circuit is the venue for which grand prix race?"
      },
      "options": [
        {
          "d": {
            "text": "Malaysian Grand Prix"
          },
          "v": 0
        },
        {
          "d": {
            "text": "Indian Grand Prix"
          },
          "v": 1
        },
        {
          "d": {
            "text": "British Grand Prix"
          },
          "v": 2
        },
        {
          "d": {
            "text": "Italian Grand Prix"
          },
          "v": 3
        }
      ],
      "answer": 1,
      "solution": {
        "text": "The Buddh International Circuit is an Indian motor racing circuit in Greater Noida. Uttar Pradesh. The circuit is best known as the venue for the annual Formula One Indian Grand Prix, which was first hosted on 30 October 2011."
      },
      "comprehension": "",
      "topicId": "5de8f4ddf2109b7c7646f70b",
      "__v": 0,
      "disabled": false
    },
    {
      "_id": "5e58d7e2c213a93a848ce240",
      "matrixSize": {
        "rows": 0,
        "columns": 0
      },
      "tags": [
        "English"
      ],
      "difficulty": "1",
      "assets": [],
      "type": "mcq",
      "partialMarking": false,
      "hasRelatedQuestions": false,
      "childQuestions": [],
      "question": {
        "text": "The ‘Dronacharya Award\" is given to"
      },
      "options": [
        {
          "d": {
            "text": "Coaches"
          },
          "v": 0
        },
        {
          "d": {
            "text": "Sportspcrsons"
          },
          "v": 1
        },
        {
          "d": {
            "text": "Umpires"
          },
          "v": 2
        },
        {
          "d": {
            "text": "Sports Editors"
          },
          "v": 3
        }
      ],
      "answer": 0,
      "solution": {
        "text": "The Dronacharya award is presented by Indian Government to people showing excellence in sports coaching. B.I. Fernandez is the first foreign Coach who was awarded by Dronacharya Award in 2012."
      },
      "comprehension": "",
      "topicId": "5de8f4ddf2109b7c7646f70b",
      "__v": 0,
      "disabled": false
    },
    {
      "_id": "5e58d7e9c213a93a848ce248",
      "matrixSize": {
        "rows": 0,
        "columns": 0
      },
      "tags": [
        "English"
      ],
      "difficulty": "3",
      "assets": [],
      "type": "mcq",
      "partialMarking": false,
      "hasRelatedQuestions": false,
      "childQuestions": [],
      "question": {
        "text": "Which of the following is the first cricketer to score 1000 runs in an innings?"
      },
      "options": [
        {
          "d": {
            "text": "Sachin Tendulkar"
          },
          "v": 0
        },
        {
          "d": {
            "text": "Vinod Kamble"
          },
          "v": 1
        },
        {
          "d": {
            "text": "Pranav Dhanawade"
          },
          "v": 2
        },
        {
          "d": {
            "text": "Virat Kohli"
          },
          "v": 3
        }
      ],
      "answer": 2,
      "solution": {
        "text": "Pranav Dhanawade (13 May 2000) is an Indian schoolboy cricketer from Kalyan, Maharashtra. Batting in one innings, stretching over 4 and 5 January 2016. he became the first person to score more than 1, 000 runs in one innings in an officially recognised match."
      },
      "comprehension": "",
      "topicId": "5de8f4ddf2109b7c7646f70b",
      "__v": 0,
      "disabled": false
    },
    {
      "_id": "5e58d7e5a70b153a56e3d915",
      "matrixSize": {
        "rows": 0,
        "columns": 0
      },
      "tags": [
        "English"
      ],
      "difficulty": "1",
      "assets": [],
      "type": "mcq",
      "partialMarking": false,
      "hasRelatedQuestions": false,
      "childQuestions": [],
      "question": {
        "text": "Match List-I with List-II and seIcct the correct answer using the codes given below the lists :<br> \n<table>\n<tr><th>List-I</th><th> List-II</th></tr>\n<tr><td> A. Deodhar Trophy</td><td> 1. Football</td></tr> \n<tr><td>B. Durand Cup </td><td>2. Cricket </td></tr> \n<tr><td>C. Grand master </td><td>3. Chess</td></tr> "
      },
      "options": [
        {
          "d": {
            "text": "A : 1 B : 2 C : 3"
          },
          "v": 0
        },
        {
          "d": {
            "text": "A : 1 B : 3 C : 4"
          },
          "v": 1
        },
        {
          "d": {
            "text": "A : 2 B : 1 C : 3"
          },
          "v": 2
        },
        {
          "d": {
            "text": "A : 1 B : 3 C : 2"
          },
          "v": 3
        }
      ],
      "answer": 2,
      "solution": {
        "text": "Correctly matched :<br>Deodhar Trophy — Cricket. The Deodhar Trophy is a List A cricket competition in Indian domestic cricket. It is named after Prof. D. B. Deodhar (known as the Grand Old Man of Indian cricket).<br>Durand Cup — FootbalI. The Durand Football Tournament is a football competition in India which has a history dating back to 1888.The Tournament is named after its founder. Sir Mortimer Durand. British India’s Foreign Member of the time.<br>Grand master — Chess."
      },
      "comprehension": "",
      "topicId": "5de8f4ddf2109b7c7646f70b",
      "__v": 0,
      "disabled": false
    },
    {
      "_id": "5e58d7e9a70b153a56e3d919",
      "matrixSize": {
        "rows": 0,
        "columns": 0
      },
      "tags": [
        "English"
      ],
      "difficulty": "2",
      "assets": [],
      "type": "mcq",
      "partialMarking": false,
      "hasRelatedQuestions": false,
      "childQuestions": [],
      "question": {
        "text": "Where is Guru Govind Singh Sports College located?"
      },
      "options": [
        {
          "d": {
            "text": "Saifai"
          },
          "v": 0
        },
        {
          "d": {
            "text": "Varanasi"
          },
          "v": 1
        },
        {
          "d": {
            "text": "Lucknow"
          },
          "v": 2
        },
        {
          "d": {
            "text": "Meerut"
          },
          "v": 3
        }
      ],
      "answer": 2,
      "solution": {
        "text": "Uttar Pradesh Government has established Guru Govind Singh Sports College in Lucknow with the sole aim of bringing about development in sports activities within the state."
      },
      "comprehension": "",
      "topicId": "5de8f4ddf2109b7c7646f70b",
      "__v": 0,
      "disabled": false
    },
    {
      "_id": "5e58d7e2fdfd723a500cf683",
      "matrixSize": {
        "rows": 0,
        "columns": 0
      },
      "tags": [
        "English"
      ],
      "difficulty": "2",
      "assets": [],
      "type": "mcq",
      "partialMarking": false,
      "hasRelatedQuestions": false,
      "childQuestions": [],
      "question": {
        "text": "Who was the first Indian woman who won the gold medal in Asian games?"
      },
      "options": [
        {
          "d": {
            "text": "PT Usha"
          },
          "v": 0
        },
        {
          "d": {
            "text": "Sunita Rani"
          },
          "v": 1
        },
        {
          "d": {
            "text": "Shiny Abraham"
          },
          "v": 2
        },
        {
          "d": {
            "text": "Kamaljeet Sandhu"
          },
          "v": 3
        }
      ],
      "answer": 3,
      "solution": {
        "text": "Kamaljeet Sandhu is a former woman Indian athlete who won gold medal at 1970 Asian Games in 400 m race. She was the first woman to win Gold in any Asian games."
      },
      "comprehension": "",
      "topicId": "5de8f4ddf2109b7c7646f70b",
      "__v": 0,
      "disabled": false
    },
    {
      "_id": "5e58d7e3fdfd723a500cf684",
      "matrixSize": {
        "rows": 0,
        "columns": 0
      },
      "tags": [
        "English"
      ],
      "difficulty": "1",
      "assets": [],
      "type": "mcq",
      "partialMarking": false,
      "hasRelatedQuestions": false,
      "childQuestions": [],
      "question": {
        "text": "Gagan Narang, whose name has been recommended for ‘Rajiv Gandhi Khel Ratna Award' is a famous"
      },
      "options": [
        {
          "d": {
            "text": "Motor Car Racer"
          },
          "v": 0
        },
        {
          "d": {
            "text": "Cricketer"
          },
          "v": 1
        },
        {
          "d": {
            "text": "Air Rifle Shooter"
          },
          "v": 2
        },
        {
          "d": {
            "text": "Footballer"
          },
          "v": 3
        }
      ],
      "answer": 2,
      "solution": {
        "text": "Gagan Narang is an Air Rifle Shooter. He was the first Indian to qualify for the London Olympics. He won the Bronze Medal in the Men’s 10 m Air Rifle Event at the 2012 Summer Olympics in London with a final score of 701.1 on 30 July 2012."
      },
      "comprehension": "",
      "topicId": "5de8f4ddf2109b7c7646f70b",
      "__v": 0,
      "disabled": false
    },
    {
      "_id": "5e58d7e5fdfd723a500cf686",
      "matrixSize": {
        "rows": 0,
        "columns": 0
      },
      "tags": [
        "English"
      ],
      "difficulty": "2",
      "assets": [],
      "type": "mcq",
      "partialMarking": false,
      "hasRelatedQuestions": false,
      "childQuestions": [],
      "question": {
        "text": "Indian Sports Research Institute is located at"
      },
      "options": [
        {
          "d": {
            "text": "Patiala"
          },
          "v": 0
        },
        {
          "d": {
            "text": "Delhi"
          },
          "v": 1
        },
        {
          "d": {
            "text": "Cochin"
          },
          "v": 2
        },
        {
          "d": {
            "text": "Poona"
          },
          "v": 3
        }
      ],
      "answer": 0,
      "solution": {
        "text": "Founded in 1961, Netaji Subhas National Institute of Sports commonly known as National Institute of Sports (NIS), is the Academic Wing of the Sports Authority of India (SAI) and Asia’s largest Sports Institute located in city of Patiala."
      },
      "comprehension": "",
      "topicId": "5de8f4ddf2109b7c7646f70b",
      "__v": 0,
      "disabled": false
    },
    {
      "_id": "5e58d7e7fdfd723a500cf688",
      "matrixSize": {
        "rows": 0,
        "columns": 0
      },
      "tags": [
        "English"
      ],
      "difficulty": "2",
      "assets": [],
      "type": "mcq",
      "partialMarking": false,
      "hasRelatedQuestions": false,
      "childQuestions": [],
      "question": {
        "text": "Consider the foIlowing statements. <br>1. Mohinder Amarnath was the man of the match in 1983 World Cup Cricket final. <br>2. Geet Sethi is associated with Billiards. <br>Which of the above is/are true"
      },
      "options": [
        {
          "d": {
            "text": "1 only"
          },
          "v": 0
        },
        {
          "d": {
            "text": "2 only"
          },
          "v": 1
        },
        {
          "d": {
            "text": "Both 1 and 2"
          },
          "v": 2
        },
        {
          "d": {
            "text": "None of these"
          },
          "v": 3
        }
      ],
      "answer": 2,
      "solution": {
        "text": ""
      },
      "comprehension": "",
      "topicId": "5de8f4ddf2109b7c7646f70b",
      "__v": 0,
      "disabled": false
    },
    {
      "_id": "5e58d7e3c213a93a848ce241",
      "matrixSize": {
        "rows": 0,
        "columns": 0
      },
      "tags": [
        "English"
      ],
      "difficulty": "2",
      "assets": [],
      "type": "mcq",
      "partialMarking": false,
      "hasRelatedQuestions": false,
      "childQuestions": [],
      "question": {
        "text": "The sportsperson ‘Sonia Biswas’ is associated with"
      },
      "options": [
        {
          "d": {
            "text": "Sailing"
          },
          "v": 0
        },
        {
          "d": {
            "text": "Hockey"
          },
          "v": 1
        },
        {
          "d": {
            "text": "Golf"
          },
          "v": 2
        },
        {
          "d": {
            "text": "Athletics"
          },
          "v": 3
        }
      ],
      "answer": 3,
      "solution": {
        "text": "Soma Biswas is an athlete who specializes in heptathlon. She has won the silver medal in 2002 Asian Games in Busan. South Korea."
      },
      "comprehension": "",
      "topicId": "5de8f4ddf2109b7c7646f70b",
      "__v": 0,
      "disabled": false
    }
  ]