[
    {
      "_id": "5e59f7e7d0e966767d8bfff1",
      "matrixSize": {
        "rows": 0,
        "columns": 0
      },
      "tags": [
        "English"
      ],
      "difficulty": "1",
      "assets": [],
      "type": "mcq",
      "partialMarking": false,
      "hasRelatedQuestions": false,
      "childQuestions": [],
      "question": {
        "text": "Television transmission is an example of which of the following?"
      },
      "options": [
        {
          "d": {
            "text": "Simplex Communication"
          },
          "v": 0
        },
        {
          "d": {
            "text": "Half-duplex Communication"
          },
          "v": 1
        },
        {
          "d": {
            "text": "Full-duplex Communication"
          },
          "v": 2
        },
        {
          "d": {
            "text": "None of the above"
          },
          "v": 3
        }
      ],
      "answer": 0,
      "solution": {
        "text": "Television transmission is an example of simplex communication."
      },
      "comprehension": "",
      "topicId": "5de8f4dcf2109b7c7646f708",
      "__v": 0,
      "disabled": false
    },
    {
      "_id": "5e609e3bbc2d2b453de969f7",
      "matrixSize": {
        "rows": 0,
        "columns": 0
      },
      "tags": [
        "English"
      ],
      "difficulty": "3",
      "assets": [],
      "type": "mcq",
      "partialMarking": false,
      "hasRelatedQuestions": false,
      "childQuestions": [],
      "question": {
        "text": "Match the following :<br><table>\n<tr><th>List-A (Books)</th> <th>List-B (Authors)</th> </tr>\n<tr><td>A. Pride and Prejudice</td> <td>1. Gunnar Myrdal</td> </tr> <tr><td>B. War and Peace </td> <td>2. Leo Tolstoy</td> </tr>  <tr><td>C. A week with Gandhi </td> <td>3. Jane Austen</td> </tr><tr><td>D. Asian Drama </td> <td>4. Louis Fisher</td> </tr>     \n</table>"
      },
      "options": [
        {
          "d": {
            "text": "1 2 3 4"
          },
          "v": 0
        },
        {
          "d": {
            "text": "3 2 4 1"
          },
          "v": 1
        },
        {
          "d": {
            "text": "4 1 2 3"
          },
          "v": 2
        },
        {
          "d": {
            "text": "3 1 4 2"
          },
          "v": 3
        }
      ],
      "answer": 1,
      "solution": {
        "text": "A-3, B-2, C-4, D-1."
      },
      "comprehension": "",
      "topicId": "5de8f4dcf2109b7c7646f708",
      "__v": 0,
      "disabled": false
    },
    {
      "_id": "5e59f7e7d0d34f7677451ed5",
      "matrixSize": {
        "rows": 0,
        "columns": 0
      },
      "tags": [
        "English"
      ],
      "difficulty": "1",
      "assets": [],
      "type": "mcq",
      "partialMarking": false,
      "hasRelatedQuestions": false,
      "childQuestions": [],
      "question": {
        "text": "The company that has the tag line ‘Connecting India' is—"
      },
      "options": [
        {
          "d": {
            "text": "Airtel"
          },
          "v": 0
        },
        {
          "d": {
            "text": "BSNL"
          },
          "v": 1
        },
        {
          "d": {
            "text": "IDEA"
          },
          "v": 2
        },
        {
          "d": {
            "text": "Indian Telephone Industry"
          },
          "v": 3
        }
      ],
      "answer": 1,
      "solution": {
        "text": "Bharat Sanchar Nigam Limited (abbreviated BSNL) is an Indian state-owned telecommunications company headquartered in New Delhi"
      },
      "comprehension": "",
      "topicId": "5de8f4dcf2109b7c7646f708",
      "__v": 0,
      "disabled": false
    },
    {
      "_id": "5e58add1c213a93a848cdd84",
      "matrixSize": {
        "rows": 0,
        "columns": 0
      },
      "tags": [
        "English"
      ],
      "difficulty": "2",
      "assets": [],
      "type": "mcq",
      "partialMarking": false,
      "hasRelatedQuestions": false,
      "childQuestions": [],
      "question": {
        "text": "Consider the following statements:<br>1. National Payments Corporation of lndia (NPCI) helps in promoting the financial inclusion in the country. <br>2. NPCI has launched RuPay, a card payment scheme. <br>Which of the statements given above is/are correct?"
      },
      "options": [
        {
          "d": {
            "text": "1 only"
          },
          "v": 0
        },
        {
          "d": {
            "text": "2 only"
          },
          "v": 1
        },
        {
          "d": {
            "text": "Both 1 and 2"
          },
          "v": 2
        },
        {
          "d": {
            "text": "Neither 1 nor 2"
          },
          "v": 3
        }
      ],
      "answer": 2,
      "solution": {
        "text": "NPCI is a not-for-profit company formed by various banks, with primary objective of providing cost-effective payment solutions to the banks. NPCi’s solutions such as IMPS, BHIM, RuPay, AEPS etc. have indeed helped in financial inclusion. So first is correct. And second is correct- NPCi launched Rupay card in 2012, as 7th payment gateway in the world."
      },
      "comprehension": "",
      "topicId": "5de8f4dcf2109b7c7646f708",
      "subTopicId": null,
      "__v": 0,
      "disabled": false
    },
    {
      "_id": "5e5f82d917ac81673137df11",
      "matrixSize": {
        "rows": 0,
        "columns": 0
      },
      "tags": [
        "English"
      ],
      "difficulty": "2",
      "assets": [],
      "type": "mcq",
      "partialMarking": false,
      "hasRelatedQuestions": false,
      "childQuestions": [],
      "question": {
        "text": "Which of the following day is observed as International Day of Older Persons?"
      },
      "options": [
        {
          "d": {
            "text": "25th September"
          },
          "v": 0
        },
        {
          "d": {
            "text": "1st October"
          },
          "v": 1
        },
        {
          "d": {
            "text": "5th October"
          },
          "v": 2
        },
        {
          "d": {
            "text": "8th October"
          },
          "v": 3
        }
      ],
      "answer": 1,
      "solution": {
        "text": "1st October is observed as International Day of Older Persons in accordance with a UN General Assembly resolution."
      },
      "comprehension": "",
      "topicId": "5de8f4dcf2109b7c7646f708",
      "subTopicId": null,
      "__v": 0,
      "disabled": false
    },
    {
      "_id": "5e609e36bc2d2b453de969f0",
      "matrixSize": {
        "rows": 0,
        "columns": 0
      },
      "tags": [
        "English"
      ],
      "difficulty": null,
      "assets": [],
      "type": "mcq",
      "partialMarking": false,
      "hasRelatedQuestions": false,
      "childQuestions": [],
      "question": {
        "text": "Which of the following statements are correct with regard to the South Asian Free Trade Area (SAFTA)? <br>1. The SAFTA agreement was signed on 6 January 2005 during Twelfth SAARC Summit held in Bangladesh. <br>2. SAFTA was envisaged primarily as the first step towards the transition to a South Asian Free Trade Area (SAFTA) leading subsequently towards a Customs Union, Common Market and Economic Union. <br>Select the answer from the codes given below:"
      },
      "options": [
        {
          "d": {
            "text": "1 only"
          },
          "v": 0
        },
        {
          "d": {
            "text": "2 only"
          },
          "v": 1
        },
        {
          "d": {
            "text": "1 and 2 both"
          },
          "v": 2
        },
        {
          "d": {
            "text": "None"
          },
          "v": 3
        }
      ],
      "answer": 1,
      "solution": {
        "text": "SAFTA agreement signed on 6th January 2004 at the 12th SAARC Summit in Islamabad, Pakistan. SAFTA agreement entered into force on 1 January 2006, and the Trade Liberalization Programme commenced from 1st July 2006."
      },
      "comprehension": "",
      "topicId": "5de8f4dcf2109b7c7646f708",
      "__v": 0,
      "disabled": false
    },
    {
      "_id": "5e609e37bcbd82449bd6f1f6",
      "matrixSize": {
        "rows": 0,
        "columns": 0
      },
      "tags": [
        "English"
      ],
      "difficulty": null,
      "assets": [],
      "type": "mcq",
      "partialMarking": false,
      "hasRelatedQuestions": false,
      "childQuestions": [],
      "question": {
        "text": "Consider the following statements: <br>1. PRISM is a tool used by the US National Security Agency (NSA) to collect private electronic data belonging to users of major internet services, like Gmail, Facebook, and others. <br>2. The Protect America Act of 2007 led to the creation of a secret NSA programme called US-984XN — also known as PRISM. <br>Which of the above statements is/are correct?"
      },
      "options": [
        {
          "d": {
            "text": "1 only"
          },
          "v": 0
        },
        {
          "d": {
            "text": "2 only"
          },
          "v": 1
        },
        {
          "d": {
            "text": "1 and 2 both"
          },
          "v": 2
        },
        {
          "d": {
            "text": "None"
          },
          "v": 3
        }
      ],
      "answer": 2,
      "solution": {
        "text": "The Protect America Act allows the attorney general and the director of national intelligence to explain in a classified document how the US will collect intelligence on foreigners overseas each year, but does not require specific targets or places to be named."
      },
      "comprehension": "",
      "topicId": "5de8f4dcf2109b7c7646f708",
      "__v": 0,
      "disabled": false
    },
    {
      "_id": "5e59f88ed0e966767d8bfffb",
      "matrixSize": {
        "rows": 0,
        "columns": 0
      },
      "tags": [
        "English"
      ],
      "difficulty": "2",
      "assets": [],
      "type": "mcq",
      "partialMarking": false,
      "hasRelatedQuestions": false,
      "childQuestions": [],
      "question": {
        "text": "Jawahar tunnel on Jammu-Srinagar highway passes through"
      },
      "options": [
        {
          "d": {
            "text": "Pir Panjal range"
          },
          "v": 0
        },
        {
          "d": {
            "text": "Karakoram range"
          },
          "v": 1
        },
        {
          "d": {
            "text": "Zaskar range"
          },
          "v": 2
        },
        {
          "d": {
            "text": "Dhauladhar range"
          },
          "v": 3
        }
      ],
      "answer": 0,
      "solution": {
        "text": "Jammu-Srinagar Highway passes through Banihel pass in Pir Panjal range."
      },
      "comprehension": "",
      "topicId": "5de8f4dcf2109b7c7646f708",
      "__v": 0,
      "disabled": false
    },
    {
      "_id": "5e609e38bc2d2b453de969f3",
      "matrixSize": {
        "rows": 0,
        "columns": 0
      },
      "tags": [
        "English"
      ],
      "difficulty": "2",
      "assets": [],
      "type": "mcq",
      "partialMarking": false,
      "hasRelatedQuestions": false,
      "childQuestions": [],
      "question": {
        "text": "The promoter of National Stock Exchange of India is : <br>1. State Bank of India <br>2. LIC and GIC <br>3. IDBI <br>Choose the correct option:"
      },
      "options": [
        {
          "d": {
            "text": "1 and 2"
          },
          "v": 0
        },
        {
          "d": {
            "text": "2 and 3"
          },
          "v": 1
        },
        {
          "d": {
            "text": "1, 2 and 3"
          },
          "v": 2
        },
        {
          "d": {
            "text": "1 and 3"
          },
          "v": 3
        }
      ],
      "answer": 2,
      "solution": {
        "text": "All these three are the promoters of NSE."
      },
      "comprehension": "",
      "topicId": "5de8f4dcf2109b7c7646f708",
      "__v": 0,
      "disabled": false
    },
    {
      "_id": "5e59f88ed0d34f7677451ed9",
      "matrixSize": {
        "rows": 0,
        "columns": 0
      },
      "tags": [
        "English"
      ],
      "difficulty": "3",
      "assets": [],
      "type": "mcq",
      "partialMarking": false,
      "hasRelatedQuestions": false,
      "childQuestions": [],
      "question": {
        "text": "Headquarters of which one among the following Railway Zones in India is situated at the highest elevation from the mean sea level?"
      },
      "options": [
        {
          "d": {
            "text": "East Central Railway"
          },
          "v": 0
        },
        {
          "d": {
            "text": "South Eastern Railway"
          },
          "v": 1
        },
        {
          "d": {
            "text": "South western Railway"
          },
          "v": 2
        },
        {
          "d": {
            "text": "West Central Railway"
          },
          "v": 3
        }
      ],
      "answer": 2,
      "solution": {
        "text": "The South Western Railway Zone Headquarter which is situated in Hubli city in Karnataka has the highest elevation (approximately 2056 feet) from the mean sea level."
      },
      "comprehension": "",
      "topicId": "5de8f4dcf2109b7c7646f708",
      "__v": 0,
      "disabled": false
    },
    {
      "_id": "5e609e3abc2d2b453de969f6",
      "matrixSize": {
        "rows": 0,
        "columns": 0
      },
      "tags": [
        "English"
      ],
      "difficulty": "2",
      "assets": [],
      "type": "mcq",
      "partialMarking": false,
      "hasRelatedQuestions": false,
      "childQuestions": [],
      "question": {
        "text": "Which among the following Ministries of India publishes the Employment News ?"
      },
      "options": [
        {
          "d": {
            "text": "Ministry of Labour and Employment"
          },
          "v": 0
        },
        {
          "d": {
            "text": "Ministry of Communication"
          },
          "v": 1
        },
        {
          "d": {
            "text": "Ministry of Information and Broadcasting"
          },
          "v": 2
        },
        {
          "d": {
            "text": "Ministry of Education"
          },
          "v": 3
        }
      ],
      "answer": 2,
      "solution": {
        "text": "Ministry of Information & Broadcasting publishes the employment news."
      },
      "comprehension": "",
      "topicId": "5de8f4dcf2109b7c7646f708",
      "__v": 0,
      "disabled": false
    },
    {
      "_id": "5e60a37d84f2fc64dfda6e01",
      "matrixSize": {
        "rows": 0,
        "columns": 0
      },
      "tags": [
        "English"
      ],
      "difficulty": "2",
      "assets": [],
      "type": "mcq",
      "partialMarking": false,
      "hasRelatedQuestions": false,
      "childQuestions": [],
      "question": {
        "text": "Which of the following statements are correct with regard to the Universal Postal Union (UPU)? <br>1. It was established in 1950. <br>2. It headquarters in the Swiss capital Bern. <br>3. It is the primary forum for cooperation between postal sector players. <br>4. It helps to ensure a truly universal network of up-to-date products and services <br>Select the answer from the codes given below:"
      },
      "options": [
        {
          "d": {
            "text": "1, 2, and 3"
          },
          "v": 0
        },
        {
          "d": {
            "text": "2, 3, and 4"
          },
          "v": 1
        },
        {
          "d": {
            "text": "1, 3, and 4"
          },
          "v": 2
        },
        {
          "d": {
            "text": "1, 2, 3 and 4"
          },
          "v": 3
        }
      ],
      "answer": 1,
      "solution": {
        "text": "Established in 1874, the Universal Postal Union (UPU) is the second oldest international organization worldwide. The organization fulfils an advisory, mediating and liaison role, and provides technical assistance where needed. It sets the rules for international mail exchanges and makes recommendations to stimulate growth in mail, parcel and financial services volumes and improves quality of service for customers."
      },
      "comprehension": "",
      "topicId": "5de8f4dcf2109b7c7646f708",
      "subTopicId": null,
      "__v": 0,
      "disabled": false
    },
    {
      "_id": "5e58ae01fdfd723a500cf1ae",
      "matrixSize": {
        "rows": 0,
        "columns": 0
      },
      "tags": [
        "English"
      ],
      "difficulty": "2",
      "assets": [],
      "type": "mcq",
      "partialMarking": false,
      "hasRelatedQuestions": false,
      "childQuestions": [],
      "question": {
        "text": "Match List-I with List-Il and select the correct answer from the code given below the lists: <br><table><tr><th>List-I</th> <th>List-II</th> </tr>\n<tr><td>Swarnajayanti Gram Swarozgar Yojana</td> <td>1. 1997</td> </tr> <tr><td>Swarnjayanti Shahari Rozgar Yojana</td> <td> 2. 1989</td> </tr> <tr><td>Jawahar Rozgar Yojana</td> <td>3. 1999</td> </tr>  \n<tr><td>National Rural Health Mission</td> <td>4. 2005 </td> </tr>     \n</table>\n"
      },
      "options": [
        {
          "d": {
            "text": "A : 1 B : 2 C : 3 D : 4"
          },
          "v": 0
        },
        {
          "d": {
            "text": "A : 2 B : 1 C : 3 D : 4"
          },
          "v": 1
        },
        {
          "d": {
            "text": "A : 3 B : 1 C : 2 D : 4"
          },
          "v": 2
        },
        {
          "d": {
            "text": "A : 4 B : 3 C : 2 D : 1"
          },
          "v": 3
        }
      ],
      "answer": 2,
      "solution": {
        "text": ""
      },
      "comprehension": "",
      "topicId": "5de8f4dcf2109b7c7646f708",
      "subTopicId": null,
      "__v": 0,
      "disabled": false
    },
    {
      "_id": "5e58b8e4c213a93a848ce0c3",
      "matrixSize": {
        "rows": 0,
        "columns": 0
      },
      "tags": [
        "English"
      ],
      "difficulty": "2",
      "assets": [],
      "type": "mcq",
      "partialMarking": false,
      "hasRelatedQuestions": false,
      "childQuestions": [],
      "question": {
        "text": "Match List I (Organisation) with List II (Headquarters) and select the correct answer using the codes given below the lists <table><th>List I</th><th> List II </th><tr><td>A. International Atomic Energy Agency </td><td>1. Brussels </td></tr><tr><td>B. International Telecommunication Union</td><td> 2. Geneva </td></tr><tr><td>C. Council of the European Union </td><td>3. Paris </td></tr><tr><td>D. Organisation for Economic Cooperation and Development </td><td>4. Vienna </td></tr></table>"
      },
      "options": [
        {
          "d": {
            "text": "A : 1, B : 2, C : 4, D : 3"
          },
          "v": 0
        },
        {
          "d": {
            "text": "A : 4, B : 3, C : 1, D : 2"
          },
          "v": 1
        },
        {
          "d": {
            "text": "A : 1, B : 3, C : 4, D : 2"
          },
          "v": 2
        },
        {
          "d": {
            "text": "A : 4, B : 2, C : 1, D : 3"
          },
          "v": 3
        }
      ],
      "answer": 3,
      "solution": {
        "text": ""
      },
      "comprehension": "",
      "topicId": "5de8f4dcf2109b7c7646f708",
      "subTopicId": null,
      "__v": 0,
      "disabled": false
    },
    {
      "_id": "5e59f8465a01bb76c9a31768",
      "matrixSize": {
        "rows": 0,
        "columns": 0
      },
      "tags": [
        "English"
      ],
      "difficulty": "1",
      "assets": [],
      "type": "mcq",
      "partialMarking": false,
      "hasRelatedQuestions": false,
      "childQuestions": [],
      "question": {
        "text": "Weibo is a social media platform popularly used in"
      },
      "options": [
        {
          "d": {
            "text": "South Korea"
          },
          "v": 0
        },
        {
          "d": {
            "text": "China"
          },
          "v": 1
        },
        {
          "d": {
            "text": "Thailand"
          },
          "v": 2
        },
        {
          "d": {
            "text": "Japan"
          },
          "v": 3
        }
      ],
      "answer": 1,
      "solution": {
        "text": "Weibo is a social media platform which is used in China. It is a microblogging website."
      },
      "comprehension": "",
      "topicId": "5de8f4dcf2109b7c7646f708",
      "__v": 0,
      "disabled": false
    },
    {
      "_id": "5e5f7b9065e76d6686913359",
      "matrixSize": {
        "rows": 0,
        "columns": 0
      },
      "tags": [
        "English"
      ],
      "difficulty": "2",
      "assets": [],
      "type": "mcq",
      "partialMarking": false,
      "hasRelatedQuestions": false,
      "childQuestions": [],
      "question": {
        "text": "India's first ‘White Label ATM' Brand launched by"
      },
      "options": [
        {
          "d": {
            "text": "Tata communication"
          },
          "v": 0
        },
        {
          "d": {
            "text": "Reliance communication"
          },
          "v": 1
        },
        {
          "d": {
            "text": "Airtel India"
          },
          "v": 2
        },
        {
          "d": {
            "text": "Idea communication"
          },
          "v": 3
        }
      ],
      "answer": 0,
      "solution": {
        "text": "White Label ATM brand launched by Tata communication."
      },
      "comprehension": "",
      "topicId": "5de8f4dcf2109b7c7646f708",
      "subTopicId": null,
      "__v": 0,
      "disabled": false
    },
    {
      "_id": "5e609e3ab1eccc449c202602",
      "matrixSize": {
        "rows": 0,
        "columns": 0
      },
      "tags": [
        "English"
      ],
      "difficulty": "2",
      "assets": [],
      "type": "mcq",
      "partialMarking": false,
      "hasRelatedQuestions": false,
      "childQuestions": [],
      "question": {
        "text": "Match the following: <br><table>\n<tr><th>Regional/International</th> <th>Headquarter</th> </tr>\n<tr><td>A. BRICS Development</td> <td>1. London Bank</td> </tr> \n<tr><td>B. World Intellectual</td> <td>2. Vienna Property Organisation</td> </tr>  \n<tr><td>C. OPEC</td> <td>3. Brussels</td> </tr>  \n<tr><td>D. Amnesty International</td> <td>4. Shanghai </td> </tr>\n<tr><td>E. NATO </td> <td>5. Geneva</td> </tr>     \n</table>"
      },
      "options": [
        {
          "d": {
            "text": "A-4, B-5, C-2, D-1, E-3"
          },
          "v": 0
        },
        {
          "d": {
            "text": "A-5, B-4, C-1, D-2, E-3"
          },
          "v": 1
        },
        {
          "d": {
            "text": "A-3, B-2, C-4, D-5, E-1"
          },
          "v": 2
        },
        {
          "d": {
            "text": "A-2, B-3, C-5, D-4, E-1"
          },
          "v": 3
        }
      ],
      "answer": 0,
      "solution": {
        "text": "A-4, B-5, C-2, D-1, E-3."
      },
      "comprehension": "",
      "topicId": "5de8f4dcf2109b7c7646f708",
      "__v": 0,
      "disabled": false
    },
    {
      "_id": "5e609e39b1eccc449c202601",
      "matrixSize": {
        "rows": 0,
        "columns": 0
      },
      "tags": [
        "English"
      ],
      "difficulty": "2",
      "assets": [],
      "type": "mcq",
      "partialMarking": false,
      "hasRelatedQuestions": false,
      "childQuestions": [],
      "question": {
        "text": "Which of the following statements are correct with regard to the Films Division of Government of India? <br>1. It is a film production house belonging to the Ministry of Information and Broadcasting, Government of India. <br>2. It was established primarily to “produce documentaries and news magazines for publicity of Government programmes” and cinematic record of Indian history. <br>3. FDI is divided into four wings, namely, Production, Distribution, International Documentary and Short Film Festival. <br>4. It produces documentaries/news magazines from its headquarters at Mumbai. <br>Select the answer from the codes given below:"
      },
      "options": [
        {
          "d": {
            "text": "1, 2, 3 and 4"
          },
          "v": 0
        },
        {
          "d": {
            "text": "2, 3, and 4"
          },
          "v": 1
        },
        {
          "d": {
            "text": "1, 3, and 4"
          },
          "v": 2
        },
        {
          "d": {
            "text": "1, 2 and 3"
          },
          "v": 3
        }
      ],
      "answer": 0,
      "solution": {
        "text": "The Films Division of India was established in 1948 to articulate the energy of a newly independent nation. For more than six decades, the organization has relentlessly striven to maintain a record of the social, political and cultural imaginations and realities of the country on film."
      },
      "comprehension": "",
      "topicId": "5de8f4dcf2109b7c7646f708",
      "__v": 0,
      "disabled": false
    },
    {
      "_id": "5e609e35bcbd82449bd6f1f4",
      "matrixSize": {
        "rows": 0,
        "columns": 0
      },
      "tags": [
        "English"
      ],
      "difficulty": "3",
      "assets": [],
      "type": "mcq",
      "partialMarking": false,
      "hasRelatedQuestions": false,
      "childQuestions": [],
      "question": {
        "text": "Consider the following statements: <br>1. UNICEF became a permanent part of the United Nations system on 11 December 1946. <br>2. UNICEF is the driving force that helps build a world where the rights of every child are realized. <br>3. UNICEF was created with this purpose in mind -to work with others to overcome the obstacles that poverty, violence, disease and discrimination place in a child's path. <br>Which of the above statements is/are correct?"
      },
      "options": [
        {
          "d": {
            "text": "1 and 2"
          },
          "v": 0
        },
        {
          "d": {
            "text": "2 and 3"
          },
          "v": 1
        },
        {
          "d": {
            "text": "1 and 3"
          },
          "v": 2
        },
        {
          "d": {
            "text": "1, 2 and 3"
          },
          "v": 3
        }
      ],
      "answer": 1,
      "solution": {
        "text": "UNICEF was established on 11 December 1946. It became a permanent part of the United Nations system in 1953."
      },
      "comprehension": "",
      "topicId": "5de8f4dcf2109b7c7646f708",
      "__v": 0,
      "disabled": false
    },
    {
      "_id": "5e609e38b1eccc449c202600",
      "matrixSize": {
        "rows": 0,
        "columns": 0
      },
      "tags": [
        "English"
      ],
      "difficulty": "3",
      "assets": [],
      "type": "mcq",
      "partialMarking": false,
      "hasRelatedQuestions": false,
      "childQuestions": [],
      "question": {
        "text": "Match the following lists:     <br>Choose from the codes given below:\n<table><tr><th>(Political parties)  </th> <th>(Country)</th> </tr>\n<tr><td>A. People's Party</td> <td>1. Britain</td> </tr> \n<tr><td>B. Party Socialist (PS)</td> <td>2. France</td> </tr>  \n<tr><td>C. New Democracy Party</td> <td> 3. Greece </td> </tr>  \n<tr><td>D. Labour Party</td> <td>4. Spain</td> </tr>  \n</table>"
      },
      "options": [
        {
          "d": {
            "text": "A-1, B-2, C-3, D-4"
          },
          "v": 0
        },
        {
          "d": {
            "text": "A-4, B-2, C-3, D-1"
          },
          "v": 1
        },
        {
          "d": {
            "text": "A-4, B-1, C-2, D-3"
          },
          "v": 2
        },
        {
          "d": {
            "text": "A-2, B-3, C-4, D-1"
          },
          "v": 3
        }
      ],
      "answer": 1,
      "solution": {
        "text": "A-4, B-2, C-3, D-1."
      },
      "comprehension": "",
      "topicId": "5de8f4dcf2109b7c7646f708",
      "__v": 0,
      "disabled": false
    },
    {
      "_id": "5e609e37bc2d2b453de969f2",
      "matrixSize": {
        "rows": 0,
        "columns": 0
      },
      "tags": [
        "English"
      ],
      "difficulty": "3",
      "assets": [],
      "type": "mcq",
      "partialMarking": false,
      "hasRelatedQuestions": false,
      "childQuestions": [],
      "question": {
        "text": "‘Pivot to Asia' is the strategy of the foreign policy of :"
      },
      "options": [
        {
          "d": {
            "text": "India"
          },
          "v": 0
        },
        {
          "d": {
            "text": "Japan"
          },
          "v": 1
        },
        {
          "d": {
            "text": "China"
          },
          "v": 2
        },
        {
          "d": {
            "text": "U.S.A."
          },
          "v": 3
        }
      ],
      "answer": 3,
      "solution": {
        "text": "‘Pivot to Asia' is the Obama administration's regional strategy which represents a significant shift in American foreign policy from a Middle Eastern/ European focus to an East/South Asian one."
      },
      "comprehension": "",
      "topicId": "5de8f4dcf2109b7c7646f708",
      "__v": 0,
      "disabled": false
    },
    {
      "_id": "5e59f88f5a01bb76c9a3176a",
      "matrixSize": {
        "rows": 0,
        "columns": 0
      },
      "tags": [
        "English"
      ],
      "difficulty": "1",
      "assets": [],
      "type": "mcq",
      "partialMarking": false,
      "hasRelatedQuestions": false,
      "childQuestions": [],
      "question": {
        "text": "The ‘Dr. Babasaheb Ambedkar International Airport' is situated in the Indian City of—"
      },
      "options": [
        {
          "d": {
            "text": "Indore, Madhya Pradesh"
          },
          "v": 0
        },
        {
          "d": {
            "text": "Raipur, Chattisgarh"
          },
          "v": 1
        },
        {
          "d": {
            "text": "Vadodara, Gujarat"
          },
          "v": 2
        },
        {
          "d": {
            "text": "Ranchi, Jharkhand"
          },
          "v": 3
        },
        {
          "d": {
            "text": "Nagpur, Maharashtra"
          },
          "v": 4
        }
      ],
      "answer": 4,
      "solution": {
        "text": "‘Dr. Baba Saheb Ambedkar International Airport' is situated in the Indian city of Nagpur, Maharashtra."
      },
      "comprehension": "",
      "topicId": "5de8f4dcf2109b7c7646f708",
      "__v": 0,
      "disabled": false
    },
    {
      "_id": "5e59f88fd0d34f7677451eda",
      "matrixSize": {
        "rows": 0,
        "columns": 0
      },
      "tags": [
        "English"
      ],
      "difficulty": "2",
      "assets": [],
      "type": "mcq",
      "partialMarking": false,
      "hasRelatedQuestions": false,
      "childQuestions": [],
      "question": {
        "text": "Which one of the following pairs is not correctly matched? Railway Zone Headquarters"
      },
      "options": [
        {
          "d": {
            "text": "North Eastern Railway — Gorakhpur"
          },
          "v": 0
        },
        {
          "d": {
            "text": "South Eastern Railway — Bhubaneshwar"
          },
          "v": 1
        },
        {
          "d": {
            "text": "Eastern Railway — Kolkata"
          },
          "v": 2
        },
        {
          "d": {
            "text": "South East Central Railway — Bilaspur"
          },
          "v": 3
        }
      ],
      "answer": 1,
      "solution": {
        "text": "The headquarter of South-East Railway is in Kolkata."
      },
      "comprehension": "",
      "topicId": "5de8f4dcf2109b7c7646f708",
      "__v": 0,
      "disabled": false
    },
    {
      "_id": "5e5f7b3838e75a65aa62622b",
      "matrixSize": {
        "rows": 0,
        "columns": 0
      },
      "tags": [
        "English"
      ],
      "difficulty": "2",
      "assets": [],
      "type": "mcq",
      "partialMarking": false,
      "hasRelatedQuestions": false,
      "childQuestions": [],
      "question": {
        "text": "Who among the following is the author of “The scatter here is too great”?"
      },
      "options": [
        {
          "d": {
            "text": "Kedarnath Singh"
          },
          "v": 0
        },
        {
          "d": {
            "text": "Bilal Tanweer"
          },
          "v": 1
        },
        {
          "d": {
            "text": "Deepti Kapoor"
          },
          "v": 2
        },
        {
          "d": {
            "text": "Mahesh Rao"
          },
          "v": 3
        }
      ],
      "answer": 1,
      "solution": {
        "text": "Bilal Tanweer has been awarded with Shakti Bhatt First Book Prize- 2014 for his novel “The scatter here is too great”."
      },
      "comprehension": "",
      "topicId": "5de8f4dcf2109b7c7646f708",
      "subTopicId": null,
      "__v": 0,
      "disabled": false
    },
    {
      "_id": "5e5f86ab65e76d66869136ab",
      "matrixSize": {
        "rows": 0,
        "columns": 0
      },
      "tags": [
        "English"
      ],
      "difficulty": "2",
      "assets": [],
      "type": "mcq",
      "partialMarking": false,
      "hasRelatedQuestions": false,
      "childQuestions": [],
      "question": {
        "text": "The author of the book “Family Life” is"
      },
      "options": [
        {
          "d": {
            "text": "Gopaldas Neeraj"
          },
          "v": 0
        },
        {
          "d": {
            "text": "Meira Kumar"
          },
          "v": 1
        },
        {
          "d": {
            "text": "Subodh Sarkar"
          },
          "v": 2
        },
        {
          "d": {
            "text": "Akhil Sharma"
          },
          "v": 3
        }
      ],
      "answer": 3,
      "solution": {
        "text": "Akhil Sharma's “Family Life” won the 2015 Folio Prize for fiction. It is his second novel after “An Obedient Father”."
      },
      "comprehension": "",
      "topicId": "5de8f4dcf2109b7c7646f708",
      "subTopicId": null,
      "__v": 0,
      "disabled": false
    },
    {
      "_id": "5e5f7b9417ac81673137dd6f",
      "matrixSize": {
        "rows": 0,
        "columns": 0
      },
      "tags": [
        "English"
      ],
      "difficulty": null,
      "assets": [],
      "type": "mcq",
      "partialMarking": false,
      "hasRelatedQuestions": false,
      "childQuestions": [],
      "question": {
        "text": "The book titled ‘Smritiyan' is authored by"
      },
      "options": [
        {
          "d": {
            "text": "Kavya Viswanath"
          },
          "v": 0
        },
        {
          "d": {
            "text": "Garima Sanjay"
          },
          "v": 1
        },
        {
          "d": {
            "text": "Meghna Desai"
          },
          "v": 2
        },
        {
          "d": {
            "text": "Anu Aga"
          },
          "v": 3
        }
      ],
      "answer": 1,
      "solution": {
        "text": "The book entitled ‘Smritiyan' is authored by Garima Sanjay."
      },
      "comprehension": "",
      "topicId": "5de8f4dcf2109b7c7646f708",
      "subTopicId": null,
      "__v": 0,
      "disabled": false
    },
    {
      "_id": "5e5f7b9465e76d6686913360",
      "matrixSize": {
        "rows": 0,
        "columns": 0
      },
      "tags": [
        "English"
      ],
      "difficulty": "2",
      "assets": [],
      "type": "mcq",
      "partialMarking": false,
      "hasRelatedQuestions": false,
      "childQuestions": [],
      "question": {
        "text": "The book entitled ‘India and Malaysia-Interwined Strands” written by"
      },
      "options": [
        {
          "d": {
            "text": "Veena Sikri"
          },
          "v": 0
        },
        {
          "d": {
            "text": "Veena Paul"
          },
          "v": 1
        },
        {
          "d": {
            "text": "Veena Mahajan"
          },
          "v": 2
        },
        {
          "d": {
            "text": "Veena Pathak"
          },
          "v": 3
        }
      ],
      "answer": 0,
      "solution": {
        "text": "The book “India and Malaysia : Interwind Strands” is written by Veena Sikri."
      },
      "comprehension": "",
      "topicId": "5de8f4dcf2109b7c7646f708",
      "subTopicId": null,
      "__v": 0,
      "disabled": false
    },
    {
      "_id": "5e5f7b3738e75a65aa62622a",
      "matrixSize": {
        "rows": 0,
        "columns": 0
      },
      "tags": [
        "English"
      ],
      "difficulty": "2",
      "assets": [],
      "type": "mcq",
      "partialMarking": false,
      "hasRelatedQuestions": false,
      "childQuestions": [],
      "question": {
        "text": "The book ‘Red Sari' written by"
      },
      "options": [
        {
          "d": {
            "text": "Neelanjan Mukhopadhyaya"
          },
          "v": 0
        },
        {
          "d": {
            "text": "Prof. Chamanlal"
          },
          "v": 1
        },
        {
          "d": {
            "text": "Sudha Pai"
          },
          "v": 2
        },
        {
          "d": {
            "text": "Javier Moro"
          },
          "v": 3
        }
      ],
      "answer": 3,
      "solution": {
        "text": "The Red Sari, an unauthorized biography of congress party president Sonia Gandhi, was released by Roli books in India. The book has been written by spanish author Javier Moro."
      },
      "comprehension": "",
      "topicId": "5de8f4dcf2109b7c7646f708",
      "subTopicId": null,
      "__v": 0,
      "disabled": false
    },
    {
      "_id": "5e5f7b9438e75a65aa62623c",
      "matrixSize": {
        "rows": 0,
        "columns": 0
      },
      "tags": [
        "English"
      ],
      "difficulty": "2",
      "assets": [],
      "type": "mcq",
      "partialMarking": false,
      "hasRelatedQuestions": false,
      "childQuestions": [],
      "question": {
        "text": "The book entitled ‘The Luminaries' is written by"
      },
      "options": [
        {
          "d": {
            "text": "Eleanor Catton"
          },
          "v": 0
        },
        {
          "d": {
            "text": "Arundhati Roy"
          },
          "v": 1
        },
        {
          "d": {
            "text": "Amitav Ghosh"
          },
          "v": 2
        },
        {
          "d": {
            "text": "None of these"
          },
          "v": 3
        }
      ],
      "answer": 0,
      "solution": {
        "text": "The book entitled ‘The Luminaries' is written by Eleanor Catton."
      },
      "comprehension": "",
      "topicId": "5de8f4dcf2109b7c7646f708",
      "subTopicId": null,
      "__v": 0,
      "disabled": false
    },
    {
      "_id": "5e5f86b017ac81673137e0e7",
      "matrixSize": {
        "rows": 0,
        "columns": 0
      },
      "tags": [
        "English"
      ],
      "difficulty": "2",
      "assets": [],
      "type": "mcq",
      "partialMarking": false,
      "hasRelatedQuestions": false,
      "childQuestions": [],
      "question": {
        "text": "Consider the following statements: <br>1. Chutak Hydroelectric Plant is situated in Himachal Pradesh. <br>2. The power station is a run-of-the-river power project on Sutlej. <br>3. The project is being executed by National Hydroelectric Power Corporation Ltd. <br>Which among the above statements is/are correct?"
      },
      "options": [
        {
          "d": {
            "text": "1 and 2"
          },
          "v": 0
        },
        {
          "d": {
            "text": "2 only"
          },
          "v": 1
        },
        {
          "d": {
            "text": "3 only"
          },
          "v": 2
        },
        {
          "d": {
            "text": "All of the above"
          },
          "v": 3
        }
      ],
      "answer": 2,
      "solution": {
        "text": "Chutak Hydroelectric Plant is situated at Kargil in Jammu and Kashmir. The power station is a run-of-the-river power project on the Suru River (a tributary of Indus)."
      },
      "comprehension": "",
      "topicId": "5de8f4dcf2109b7c7646f708",
      "subTopicId": null,
      "__v": 0,
      "disabled": false
    },
    {
      "_id": "5e609e38bcbd82449bd6f1f8",
      "matrixSize": {
        "rows": 0,
        "columns": 0
      },
      "tags": [
        "English"
      ],
      "difficulty": "2",
      "assets": [],
      "type": "mcq",
      "partialMarking": false,
      "hasRelatedQuestions": false,
      "childQuestions": [],
      "question": {
        "text": "Which of the following statements are correct with regard to India-Japan agreement on $50 billion currency swap? <br>1. It enabled both countries to swap Japanese yen or the Indian rupee for US dollars in an unforeseen situation. <br>2. It is essentially an arrangement to tide over shortterm foreign exchange crunch. <br>3. It would support to India’s fight against currency volatility. <br>Select the answer from the codes given below:"
      },
      "options": [
        {
          "d": {
            "text": "1 and 2"
          },
          "v": 0
        },
        {
          "d": {
            "text": "2 and 3"
          },
          "v": 1
        },
        {
          "d": {
            "text": "1 and 3"
          },
          "v": 2
        },
        {
          "d": {
            "text": "1, 2 and 3"
          },
          "v": 3
        }
      ],
      "answer": 3,
      "solution": {
        "text": "All statements are correct."
      },
      "comprehension": "",
      "topicId": "5de8f4dcf2109b7c7646f708",
      "__v": 0,
      "disabled": false
    },
    {
      "_id": "5e609e37bcbd82449bd6f1f7",
      "matrixSize": {
        "rows": 0,
        "columns": 0
      },
      "tags": [
        "English"
      ],
      "difficulty": "3",
      "assets": [],
      "type": "mcq",
      "partialMarking": false,
      "hasRelatedQuestions": false,
      "childQuestions": [],
      "question": {
        "text": "A United Nations report released in August 2013 confirmed chemical weapons attack in Syria. Which of the following chemicals claimed to have been used?"
      },
      "options": [
        {
          "d": {
            "text": "a-Chlorotoluene"
          },
          "v": 0
        },
        {
          "d": {
            "text": "Benzyl bromide"
          },
          "v": 1
        },
        {
          "d": {
            "text": "Sarin gas"
          },
          "v": 2
        },
        {
          "d": {
            "text": "Bromoacetone (BA)"
          },
          "v": 3
        }
      ],
      "answer": 2,
      "solution": {
        "text": "Chemical weapons have been used in the conflict between the parties in the Syrian Arab Republic, also against civilians, including children, on a relatively large scale, inspectors concluded in a 38-page report, which included analysis of chemical, environmental and medical samples."
      },
      "comprehension": "",
      "topicId": "5de8f4dcf2109b7c7646f708",
      "__v": 0,
      "disabled": false
    },
    {
      "_id": "5e609e3abcbd82449bd6f1fa",
      "matrixSize": {
        "rows": 0,
        "columns": 0
      },
      "tags": [
        "English"
      ],
      "difficulty": "2",
      "assets": [],
      "type": "mcq",
      "partialMarking": false,
      "hasRelatedQuestions": false,
      "childQuestions": [],
      "question": {
        "text": "Which of the following terminologies are related to Kho-Kho? <br>1. Chasers 2. Active chaser 3 Runners 4. Diving <br>Select the answer from the codes given below:"
      },
      "options": [
        {
          "d": {
            "text": "1, 2 and 3"
          },
          "v": 0
        },
        {
          "d": {
            "text": "2, 3, and 4"
          },
          "v": 1
        },
        {
          "d": {
            "text": "1, 3 and 4"
          },
          "v": 2
        },
        {
          "d": {
            "text": "1, 2, 3, and 4"
          },
          "v": 3
        }
      ],
      "answer": 3,
      "solution": {
        "text": "Kho Kho is a tag sport played by teams of twelve players who try to avoid being touched by members of the opposing team, only 9 players of the team enter the field. It is one of the two most popular traditional tag games of South Asia, the other being Kabbadi."
      },
      "comprehension": "",
      "topicId": "5de8f4dcf2109b7c7646f708",
      "__v": 0,
      "disabled": false
    },
    {
      "_id": "5e609e36b1eccc449c2025fd",
      "matrixSize": {
        "rows": 0,
        "columns": 0
      },
      "tags": [
        "English"
      ],
      "difficulty": "2",
      "assets": [],
      "type": "mcq",
      "partialMarking": false,
      "hasRelatedQuestions": false,
      "childQuestions": [],
      "question": {
        "text": "National Voters' Day is celebrated on :"
      },
      "options": [
        {
          "d": {
            "text": "15th January"
          },
          "v": 0
        },
        {
          "d": {
            "text": "25th January"
          },
          "v": 1
        },
        {
          "d": {
            "text": "15th February"
          },
          "v": 2
        },
        {
          "d": {
            "text": "25th February"
          },
          "v": 3
        }
      ],
      "answer": 0,
      "solution": {
        "text": "In order to encourage more young voters to take part in the political process. Indian government has decide to celebrated January, 25 every year as ‘National Voters' Day'."
      },
      "comprehension": "",
      "topicId": "5de8f4dcf2109b7c7646f708",
      "__v": 0,
      "disabled": false
    },
    {
      "_id": "5e5f7b8f65e76d6686913357",
      "matrixSize": {
        "rows": 0,
        "columns": 0
      },
      "tags": [
        "English"
      ],
      "difficulty": "2",
      "assets": [],
      "type": "mcq",
      "partialMarking": false,
      "hasRelatedQuestions": false,
      "childQuestions": [],
      "question": {
        "text": "The book ‘Narendera Modi-The man, The times' is written by"
      },
      "options": [
        {
          "d": {
            "text": "Neelanjan Mukhopadhyay"
          },
          "v": 0
        },
        {
          "d": {
            "text": "Dr. Ajay sharma"
          },
          "v": 1
        },
        {
          "d": {
            "text": "Prof. Chamanlal"
          },
          "v": 2
        },
        {
          "d": {
            "text": "Kingshuk Nag"
          },
          "v": 3
        }
      ],
      "answer": 0,
      "solution": {
        "text": "Narendra Modi - ‘The man, The times' is written by Neelanjan Mukhopadhyay."
      },
      "comprehension": "",
      "topicId": "5de8f4dcf2109b7c7646f708",
      "subTopicId": null,
      "__v": 0,
      "disabled": false
    },
    {
      "_id": "5e5f7b9417ac81673137dd6e",
      "matrixSize": {
        "rows": 0,
        "columns": 0
      },
      "tags": [
        "English"
      ],
      "difficulty": "2",
      "assets": [],
      "type": "mcq",
      "partialMarking": false,
      "hasRelatedQuestions": false,
      "childQuestions": [],
      "question": {
        "text": "‘The Third Curve' a book written by film director named"
      },
      "options": [
        {
          "d": {
            "text": "Mansoor Khan"
          },
          "v": 0
        },
        {
          "d": {
            "text": "Salim"
          },
          "v": 1
        },
        {
          "d": {
            "text": "Abbas Mastan"
          },
          "v": 2
        },
        {
          "d": {
            "text": "Farhan Akhtar"
          },
          "v": 3
        }
      ],
      "answer": 0,
      "solution": {
        "text": "‘The Third Curve' is written by Mansoor Khan."
      },
      "comprehension": "",
      "topicId": "5de8f4dcf2109b7c7646f708",
      "subTopicId": null,
      "__v": 0,
      "disabled": false
    },
    {
      "_id": "5e5f7b8f65e76d6686913358",
      "matrixSize": {
        "rows": 0,
        "columns": 0
      },
      "tags": [
        "English"
      ],
      "difficulty": "2",
      "assets": [],
      "type": "mcq",
      "partialMarking": false,
      "hasRelatedQuestions": false,
      "childQuestions": [],
      "question": {
        "text": "The book “Playing to Win” is written by"
      },
      "options": [
        {
          "d": {
            "text": "Saina Nehwal"
          },
          "v": 0
        },
        {
          "d": {
            "text": "Jwala Gutta"
          },
          "v": 1
        },
        {
          "d": {
            "text": "Ashwini Punappa"
          },
          "v": 2
        },
        {
          "d": {
            "text": "P.V. Sindhu"
          },
          "v": 3
        }
      ],
      "answer": 0,
      "solution": {
        "text": "‘Playing to Win' is written by Saina Nehwal."
      },
      "comprehension": "",
      "topicId": "5de8f4dcf2109b7c7646f708",
      "subTopicId": null,
      "__v": 0,
      "disabled": false
    },
    {
      "_id": "5e59f88e5a01bb76c9a31769",
      "matrixSize": {
        "rows": 0,
        "columns": 0
      },
      "tags": [
        "English"
      ],
      "difficulty": "2",
      "assets": [],
      "type": "mcq",
      "partialMarking": false,
      "hasRelatedQuestions": false,
      "childQuestions": [],
      "question": {
        "text": "Consider the following statements about Drishti system: <br>1. It is a sophisticated instrument to assess the runway visual range. <br>2. This system is developed by Airports Authority of India.  <br>Which of the statements given above is/are correct?"
      },
      "options": [
        {
          "d": {
            "text": "1 only"
          },
          "v": 0
        },
        {
          "d": {
            "text": "2 only"
          },
          "v": 1
        },
        {
          "d": {
            "text": "Both 1 and 2"
          },
          "v": 2
        },
        {
          "d": {
            "text": "Neither 1 nor 2"
          },
          "v": 3
        }
      ],
      "answer": 0,
      "solution": {
        "text": "Drishti is an indigenously developed runway visibility measuring instrument, it will help pilots during landing and takeoff. The system is developed jointly by the National Aerospace Laboratories (NAL) Bengaluru and Indian Meteorological Department. IMD is responsible for providing navigation services at the airports."
      },
      "comprehension": "",
      "topicId": "5de8f4dcf2109b7c7646f708",
      "__v": 0,
      "disabled": false
    },
    {
      "_id": "5e609e36bc2d2b453de969f1",
      "matrixSize": {
        "rows": 0,
        "columns": 0
      },
      "tags": [
        "English"
      ],
      "difficulty": "2",
      "assets": [],
      "type": "mcq",
      "partialMarking": false,
      "hasRelatedQuestions": false,
      "childQuestions": [],
      "question": {
        "text": "Consider the following statements regarding Edward Snowden? <br>1. He was a former National Security Agency subcontractor. <br>2. He leaked top secret information about NSA surveillance activities. <br>3. Snowden stored US government programmes involving the NSA spying on American citizens via phone calls and internet use. <br>Select the answer from the codes given below:"
      },
      "options": [
        {
          "d": {
            "text": "1 and 2"
          },
          "v": 0
        },
        {
          "d": {
            "text": "2 and 3"
          },
          "v": 1
        },
        {
          "d": {
            "text": "1 and 3"
          },
          "v": 2
        },
        {
          "d": {
            "text": "1, 2, and 3"
          },
          "v": 3
        }
      ],
      "answer": 3,
      "solution": {
        "text": "Snowden began copying top-secret NSA documents while at work, building a dossier on practises that he found invasive and disturbing. The documents contained vast and damning information on the NSA's domestic surveillance practises, including spying on millions of American citizens under the umbrella of programmes, such as PRISM."
      },
      "comprehension": "",
      "topicId": "5de8f4dcf2109b7c7646f708",
      "__v": 0,
      "disabled": false
    },
    {
      "_id": "5e609e35b1eccc449c2025fc",
      "matrixSize": {
        "rows": 0,
        "columns": 0
      },
      "tags": [
        "English"
      ],
      "difficulty": null,
      "assets": [],
      "type": "mcq",
      "partialMarking": false,
      "hasRelatedQuestions": false,
      "childQuestions": [],
      "question": {
        "text": "As a member of the World Bank Group, International Finance Corporation (IFC) has overarching goal(s): <br>1. End extreme poverty by 2030 <br>2. Boost shared prosperity in every developing country Which of the above statements is/are correct?"
      },
      "options": [
        {
          "d": {
            "text": "1 only"
          },
          "v": 0
        },
        {
          "d": {
            "text": "2 only"
          },
          "v": 1
        },
        {
          "d": {
            "text": "1 and 2 both"
          },
          "v": 2
        },
        {
          "d": {
            "text": "None"
          },
          "v": 3
        }
      ],
      "answer": 2,
      "solution": {
        "text": "For more than half a century, IFC has innovated to strengthen private sector development wherever it's needed most. As the world's largest global development institution focused on the private sector, IFC plays a significant role in influencing the course of private sector development."
      },
      "comprehension": "",
      "topicId": "5de8f4dcf2109b7c7646f708",
      "__v": 0,
      "disabled": false
    },
    {
      "_id": "5e609e3bb1eccc449c202603",
      "matrixSize": {
        "rows": 0,
        "columns": 0
      },
      "tags": [
        "English"
      ],
      "difficulty": "2",
      "assets": [],
      "type": "mcq",
      "partialMarking": false,
      "hasRelatedQuestions": false,
      "childQuestions": [],
      "question": {
        "text": "Consider the following statements regarding Ramon Magsaysay Award <br>1. It is named after former Philippine President Ramon Magsaysay. <br>2. The prize is given to Asian individuals achieving excellence is their respective fields. <br>3. It is an annual award & consider as the “Asian Nobel Prize”."
      },
      "options": [
        {
          "d": {
            "text": "1, 2 and 3"
          },
          "v": 0
        },
        {
          "d": {
            "text": "1 and 2"
          },
          "v": 1
        },
        {
          "d": {
            "text": "Only 2"
          },
          "v": 2
        },
        {
          "d": {
            "text": "2 and 3"
          },
          "v": 3
        }
      ],
      "answer": 0,
      "solution": {
        "text": "All the statements are correct."
      },
      "comprehension": "",
      "topicId": "5de8f4dcf2109b7c7646f708",
      "__v": 0,
      "disabled": false
    },
    {
      "_id": "5e609e39bcbd82449bd6f1f9",
      "matrixSize": {
        "rows": 0,
        "columns": 0
      },
      "tags": [
        "English"
      ],
      "difficulty": "2",
      "assets": [],
      "type": "mcq",
      "partialMarking": false,
      "hasRelatedQuestions": false,
      "childQuestions": [],
      "question": {
        "text": "Which of the following statements are/ is correct? <br>1. Commutation means one form of punishment is substituted by another punishment of lighter type. <br>2. Remission means reducing the amount of punishment without changing its character."
      },
      "options": [
        {
          "d": {
            "text": "1 only"
          },
          "v": 0
        },
        {
          "d": {
            "text": "2 only"
          },
          "v": 1
        },
        {
          "d": {
            "text": "None"
          },
          "v": 2
        },
        {
          "d": {
            "text": "1 and 2 both"
          },
          "v": 3
        }
      ],
      "answer": 3,
      "solution": {
        "text": "In the Constitution of India, the power of Presidential Pardon is found in Article 72. It empowers the President to grant pardons, reprieves, respites or remissions of punishment in all cases where the punishment is for an offense against any law to which the executive power of the union extends."
      },
      "comprehension": "",
      "topicId": "5de8f4dcf2109b7c7646f708",
      "__v": 0,
      "disabled": false
    },
    {
      "_id": "5e609e36bcbd82449bd6f1f5",
      "matrixSize": {
        "rows": 0,
        "columns": 0
      },
      "tags": [
        "English"
      ],
      "difficulty": "2",
      "assets": [],
      "type": "mcq",
      "partialMarking": false,
      "hasRelatedQuestions": false,
      "childQuestions": [],
      "question": {
        "text": "The European Union (EU) provides funding and grants for a broad range of projects and programmes covering areas, such as: <br>1. education <br>2. health <br>3. consumer protection <br>4. environmental protection <br>Which of the above statements are correct?"
      },
      "options": [
        {
          "d": {
            "text": "1, 2, and 3"
          },
          "v": 0
        },
        {
          "d": {
            "text": "2, 3, and 4"
          },
          "v": 1
        },
        {
          "d": {
            "text": "1, 3, and 4"
          },
          "v": 2
        },
        {
          "d": {
            "text": "1, 2, 3 and 4"
          },
          "v": 3
        }
      ],
      "answer": 3,
      "solution": {
        "text": "EU funding is complex, since there are many different types of programmes managed by different bodies. Funding is managed according to strict rules to ensure that there is tight control over how funds are used and that funds are spent in a transparent, accountable manner."
      },
      "comprehension": "",
      "topicId": "5de8f4dcf2109b7c7646f708",
      "__v": 0,
      "disabled": false
    },
    {
      "_id": "5e58acc3c213a93a848cdd45",
      "matrixSize": {
        "rows": 0,
        "columns": 0
      },
      "tags": [
        "English"
      ],
      "difficulty": "2",
      "assets": [],
      "type": "mcq",
      "partialMarking": false,
      "hasRelatedQuestions": false,
      "childQuestions": [],
      "question": {
        "text": "The Reserve Bank of India has been vested with the sole rights to issue bank notes in India by virtue of Section 22 of -"
      },
      "options": [
        {
          "d": {
            "text": "The Negotiable Instruments Act, 1881"
          },
          "v": 0
        },
        {
          "d": {
            "text": "The Banking Regulation Act, 1949"
          },
          "v": 1
        },
        {
          "d": {
            "text": "The Coinage Act, 2011"
          },
          "v": 2
        },
        {
          "d": {
            "text": "The Reserve Bank of India Act, 1934"
          },
          "v": 3
        }
      ],
      "answer": 3,
      "solution": {
        "text": "The Section 22 of Reserve Bank of India Act, 1934 says that only RBI has the exclusive rights to issue currency notes in India."
      },
      "comprehension": "",
      "topicId": "5de8f4dcf2109b7c7646f708",
      "subTopicId": null,
      "__v": 0,
      "disabled": false
    },
    {
      "_id": "5e59f846d0d34f7677451ed7",
      "matrixSize": {
        "rows": 0,
        "columns": 0
      },
      "tags": [
        "English"
      ],
      "difficulty": "2",
      "assets": [],
      "type": "mcq",
      "partialMarking": false,
      "hasRelatedQuestions": false,
      "childQuestions": [],
      "question": {
        "text": "Match List-I with List-II and sclcct the correct answer from the codes given below :<br><table>\n<tr><th>List-I</th> <th>List-II</th> </tr>\n<tr><td>(Folk Dance)</td> <td>(State)</td> </tr>\n<tr><td>A. Bidesia</td> <td>1. Jharkhand</td> </tr> \n<tr><td>B. Lajri</td> <td>2. Uttarakhand</td> </tr>  \n<tr><td>C. Dangri</td> <td>3. Himachal Pradesh</td> </tr>  \n<tr><td> D. Tamasha</td> <td> 4. Mahrashtra</td> </tr>    \n</table>          "
      },
      "options": [
        {
          "d": {
            "text": "A : 1 B : 2 C : 3 D : 4"
          },
          "v": 0
        },
        {
          "d": {
            "text": "A : 1 B : 3 C : 4 D : 2"
          },
          "v": 1
        },
        {
          "d": {
            "text": "A : 3 B : 1 C : 2 D : 4"
          },
          "v": 2
        },
        {
          "d": {
            "text": "A : 3 B : 1 C : 4 D : 2"
          },
          "v": 3
        }
      ],
      "answer": 0,
      "solution": {
        "text": "The correctly matched pairs are :<br>Bidesia — Jharkhand<br>Lajri — Uttarakhand<br>Dangri — Himachal Pradesh<br>Tamasha — Mahrashtra<br>These are names of folk stage performances in their respective states."
      },
      "comprehension": "",
      "topicId": "5de8f4dcf2109b7c7646f708",
      "__v": 0,
      "disabled": false
    },
    {
      "_id": "5e59f847d0e966767d8bfff5",
      "matrixSize": {
        "rows": 0,
        "columns": 0
      },
      "tags": [
        "English"
      ],
      "difficulty": "2",
      "assets": [],
      "type": "mcq",
      "partialMarking": false,
      "hasRelatedQuestions": false,
      "childQuestions": [],
      "question": {
        "text": "'The Hitavada' is the largest selling broadsheet English daily newspaper of Central India. It was founded in 1911 by Social Reformer—"
      },
      "options": [
        {
          "d": {
            "text": "Baba Amte"
          },
          "v": 0
        },
        {
          "d": {
            "text": "Vinayak Damodar Savarkar"
          },
          "v": 1
        },
        {
          "d": {
            "text": "Gopal Krishna Gokhale"
          },
          "v": 2
        },
        {
          "d": {
            "text": "Lokmanya Bal Gangadhar Tilak"
          },
          "v": 3
        }
      ],
      "answer": 2,
      "solution": {
        "text": "The Hitavada’ is the largest selling broadsheet English daily newspaper of central India. It was founded by social reformer Gopal Krishna Gokhle."
      },
      "comprehension": "",
      "topicId": "5de8f4dcf2109b7c7646f708",
      "__v": 0,
      "disabled": false
    },
    {
      "_id": "5e609e3abcbd82449bd6f1fb",
      "matrixSize": {
        "rows": 0,
        "columns": 0
      },
      "tags": [
        "English"
      ],
      "difficulty": "2",
      "assets": [],
      "type": "mcq",
      "partialMarking": false,
      "hasRelatedQuestions": false,
      "childQuestions": [],
      "question": {
        "text": "Consider the following list and choose the incorrect match:<br> <table><tr><th>Cup/Trophy </th> <th>Sports</th> </tr>\n<tr><td>1. Aga Khan Trophy </td> <td>Hockey</td> </tr> \n<tr><td>2. Duran Cup </td> <td>Football</td> </tr>  \n<tr><td>3. Ezra Cup </td> <td>Women's Hockey</td> </tr>  \n<tr><td>4. Nijam Gold Cup</td> <td>Polo </td> </tr>   \n<tr><td>5. Derby Cup </td> <td>Golf </td> </tr>   \n</table>\n"
      },
      "options": [
        {
          "d": {
            "text": "3 and 4"
          },
          "v": 0
        },
        {
          "d": {
            "text": "4 and 5"
          },
          "v": 1
        },
        {
          "d": {
            "text": "1 and 2"
          },
          "v": 2
        },
        {
          "d": {
            "text": "3, 4 and 5"
          },
          "v": 3
        }
      ],
      "answer": 3,
      "solution": {
        "text": "Ezra Cup - Polo.<br>Nijam Gold Cup - Football<br>Derby Cup - Horse Racing"
      },
      "comprehension": "",
      "topicId": "5de8f4dcf2109b7c7646f708",
      "__v": 0,
      "disabled": false
    },
    {
      "_id": "5e59f88dd0e966767d8bfff9",
      "matrixSize": {
        "rows": 0,
        "columns": 0
      },
      "tags": [
        "English"
      ],
      "difficulty": "3",
      "assets": [],
      "type": "mcq",
      "partialMarking": false,
      "hasRelatedQuestions": false,
      "childQuestions": [],
      "question": {
        "text": "Consider the following statements : <br>1. Darjeeling Himalayan Railway started in 1881 is the oldest. <br>2. Kalka Shimla Railway covers the longest distance among the three trains. <br>3. Nilgiri mountain covers the shortest distance.<br> Which of the statements given above is/are correct?"
      },
      "options": [
        {
          "d": {
            "text": "1 only"
          },
          "v": 0
        },
        {
          "d": {
            "text": "1 and 2 only"
          },
          "v": 1
        },
        {
          "d": {
            "text": "2 and 3 only"
          },
          "v": 2
        },
        {
          "d": {
            "text": "1, 2 and 3"
          },
          "v": 3
        }
      ],
      "answer": 3,
      "solution": {
        "text": ""
      },
      "comprehension": "",
      "topicId": "5de8f4dcf2109b7c7646f708",
      "__v": 0,
      "disabled": false
    },
    {
      "_id": "5e59f88fd0e966767d8bfffc",
      "matrixSize": {
        "rows": 0,
        "columns": 0
      },
      "tags": [
        "English"
      ],
      "difficulty": "1",
      "assets": [],
      "type": "mcq",
      "partialMarking": false,
      "hasRelatedQuestions": false,
      "childQuestions": [],
      "question": {
        "text": "First CNG based train of India started on 13 January, 2015 run between—"
      },
      "options": [
        {
          "d": {
            "text": "Rewari to Rohtak"
          },
          "v": 0
        },
        {
          "d": {
            "text": "Delhi to Mumbai"
          },
          "v": 1
        },
        {
          "d": {
            "text": "Rohtak to Nizamuddin"
          },
          "v": 2
        },
        {
          "d": {
            "text": "Howrah to Delhi"
          },
          "v": 3
        }
      ],
      "answer": 0,
      "solution": {
        "text": "The first CNG based train of India which started on 13th January 2015 runs between Rewari to Rohtak."
      },
      "comprehension": "",
      "topicId": "5de8f4dcf2109b7c7646f708",
      "__v": 0,
      "disabled": false
    },
    {
      "_id": "5e609e38b1eccc449c2025ff",
      "matrixSize": {
        "rows": 0,
        "columns": 0
      },
      "tags": [
        "English"
      ],
      "difficulty": "3",
      "assets": [],
      "type": "mcq",
      "partialMarking": false,
      "hasRelatedQuestions": false,
      "childQuestions": [],
      "question": {
        "text": "The “Secretariat Building” of which state is known as “Writer's Building” ?"
      },
      "options": [
        {
          "d": {
            "text": "Assam"
          },
          "v": 0
        },
        {
          "d": {
            "text": "West Bengal"
          },
          "v": 1
        },
        {
          "d": {
            "text": "Maharashtra"
          },
          "v": 2
        },
        {
          "d": {
            "text": "Karnataka"
          },
          "v": 3
        }
      ],
      "answer": 1,
      "solution": {
        "text": "The writers' building is the secretariat building for the West Bengal state government, located is Kolkata."
      },
      "comprehension": "",
      "topicId": "5de8f4dcf2109b7c7646f708",
      "__v": 0,
      "disabled": false
    },
    {
      "_id": "5e609e39bc2d2b453de969f5",
      "matrixSize": {
        "rows": 0,
        "columns": 0
      },
      "tags": [
        "English"
      ],
      "difficulty": "2",
      "assets": [],
      "type": "mcq",
      "partialMarking": false,
      "hasRelatedQuestions": false,
      "childQuestions": [],
      "question": {
        "text": "The name of the Ebola Virus, which has been declared as epidemic by U.N. has been derived from the name of Ebola river. This river Ebola is located in :"
      },
      "options": [
        {
          "d": {
            "text": "Asia"
          },
          "v": 0
        },
        {
          "d": {
            "text": "Africa"
          },
          "v": 1
        },
        {
          "d": {
            "text": "South America"
          },
          "v": 2
        },
        {
          "d": {
            "text": "North America"
          },
          "v": 3
        }
      ],
      "answer": 1,
      "solution": {
        "text": "The Ebola river is the headstream of the Mongala River, a tributary of the Congo River in Africa."
      },
      "comprehension": "",
      "topicId": "5de8f4dcf2109b7c7646f708",
      "__v": 0,
      "disabled": false
    },
    {
      "_id": "5e609e35bc2d2b453de969ee",
      "matrixSize": {
        "rows": 0,
        "columns": 0
      },
      "tags": [
        "English"
      ],
      "difficulty": "2",
      "assets": [],
      "type": "mcq",
      "partialMarking": false,
      "hasRelatedQuestions": false,
      "childQuestions": [],
      "question": {
        "text": "ASEAN (Association of Southeast Asian Nations) is a regional cooperative organization in the Southeast Asia. The aims and purposes of ASEAN are: <br>1. To accelerate the economic growth, social progress and cultural development in the region through joint endeavours in the spirit of equality and partnership in order to strengthen the foundation for a prosperous and peaceful community of Southeast Asian Nations. <br>2. To promote regional peace and stability through abiding respect for justice and the rule of law in the relationship among countries of the region and adherence to the principles of the United Nations Charter. <br>3. To promote active collaboration and mutual assistance on matters of common interest in the economic, social, cultural, technical, scientific and administrative fields. <br>Select the answer from the codes given below:"
      },
      "options": [
        {
          "d": {
            "text": "1 and 2"
          },
          "v": 0
        },
        {
          "d": {
            "text": "2 and 3"
          },
          "v": 1
        },
        {
          "d": {
            "text": "1 and 3"
          },
          "v": 2
        },
        {
          "d": {
            "text": "1, 2, and 3"
          },
          "v": 3
        }
      ],
      "answer": 3,
      "solution": {
        "text": "ASEAN also aims to provide assistance to each other in the form of training and research facilities in the educational, professional, technical and administrative spheres; and to collaborate more effectively for the greater utilisation of their agriculture and industries, the expansion of their trade, including the study of the problems of international commodity trade, the improvement of their transportation and communication facilities and the raising of the living standards of their peoples."
      },
      "comprehension": "",
      "topicId": "5de8f4dcf2109b7c7646f708",
      "__v": 0,
      "disabled": false
    },
    {
      "_id": "5e58acc4c213a93a848cdd47",
      "matrixSize": {
        "rows": 0,
        "columns": 0
      },
      "tags": [
        "English"
      ],
      "difficulty": "2",
      "assets": [],
      "type": "mcq",
      "partialMarking": false,
      "hasRelatedQuestions": false,
      "childQuestions": [],
      "question": {
        "text": "SEBI Act was passed in—"
      },
      "options": [
        {
          "d": {
            "text": "1956"
          },
          "v": 0
        },
        {
          "d": {
            "text": "1962"
          },
          "v": 1
        },
        {
          "d": {
            "text": "1992"
          },
          "v": 2
        },
        {
          "d": {
            "text": "2013"
          },
          "v": 3
        }
      ],
      "answer": 2,
      "solution": {
        "text": "The Securities and Exchange Board of India Act, 1992, was passed on 12 April, 1992. It is an Act of the Parliament of India enacted for regulation and development of Securities market in India. It was amended in the year 1995, 1999 and 2002 to meet the requirements of changing needs of the securities market."
      },
      "comprehension": "",
      "topicId": "5de8f4dcf2109b7c7646f708",
      "subTopicId": null,
      "__v": 0,
      "disabled": false
    },
    {
      "_id": "5e5f7c7638e75a65aa626283",
      "matrixSize": {
        "rows": 0,
        "columns": 0
      },
      "tags": [
        "English"
      ],
      "difficulty": "2",
      "assets": [],
      "type": "mcq",
      "partialMarking": false,
      "hasRelatedQuestions": false,
      "childQuestions": [],
      "question": {
        "text": "What is the name of world's first high definition 3D model human brain?"
      },
      "options": [
        {
          "d": {
            "text": "Big Brain"
          },
          "v": 0
        },
        {
          "d": {
            "text": "Super Brain"
          },
          "v": 1
        },
        {
          "d": {
            "text": "Great Brain"
          },
          "v": 2
        },
        {
          "d": {
            "text": "Huge Brain"
          },
          "v": 3
        }
      ],
      "answer": 0,
      "solution": {
        "text": "The first high-resolution 3D digital model of the human brain, which is called “Big Brain” has been published in the journal Science."
      },
      "comprehension": "",
      "topicId": "5de8f4dcf2109b7c7646f708",
      "subTopicId": null,
      "__v": 0,
      "disabled": false
    },
    {
      "_id": "5e609e39bc2d2b453de969f4",
      "matrixSize": {
        "rows": 0,
        "columns": 0
      },
      "tags": [
        "English"
      ],
      "difficulty": "3",
      "assets": [],
      "type": "mcq",
      "partialMarking": false,
      "hasRelatedQuestions": false,
      "childQuestions": [],
      "question": {
        "text": "Prior consent on a bill by the President is needed in: <br>1. All money bills <br>2. Bill related to admission of new state in the Union of India <br>3. All bills though not money bill but have effect of making expenditure from consolidated fund of India <br>4. Bill affects the imposition of taxes. <br>Select the answer from the codes given below:"
      },
      "options": [
        {
          "d": {
            "text": "1 and 2"
          },
          "v": 0
        },
        {
          "d": {
            "text": "2 and 3"
          },
          "v": 1
        },
        {
          "d": {
            "text": "1, 2 and 3"
          },
          "v": 2
        },
        {
          "d": {
            "text": "1, 2, 3 and 4"
          },
          "v": 3
        }
      ],
      "answer": 3,
      "solution": {
        "text": "All statement are correct."
      },
      "comprehension": "",
      "topicId": "5de8f4dcf2109b7c7646f708",
      "__v": 0,
      "disabled": false
    },
    {
      "_id": "5e5f7b8f38e75a65aa626233",
      "matrixSize": {
        "rows": 0,
        "columns": 0
      },
      "tags": [
        "English"
      ],
      "difficulty": "2",
      "assets": [],
      "type": "mcq",
      "partialMarking": false,
      "hasRelatedQuestions": false,
      "childQuestions": [],
      "question": {
        "text": "The book “Tendulkar-The Cricketer of the Century” is written by"
      },
      "options": [
        {
          "d": {
            "text": "Vinod Mehta"
          },
          "v": 0
        },
        {
          "d": {
            "text": "Vimal Kumar"
          },
          "v": 1
        },
        {
          "d": {
            "text": "Suresh Menon"
          },
          "v": 2
        },
        {
          "d": {
            "text": "Jeet Arora"
          },
          "v": 3
        }
      ],
      "answer": 1,
      "solution": {
        "text": "“Tendulkar - The Cricketer of the Century” is written by Vimal Kumar."
      },
      "comprehension": "",
      "topicId": "5de8f4dcf2109b7c7646f708",
      "subTopicId": null,
      "__v": 0,
      "disabled": false
    },
    {
      "_id": "5e5f7b9438e75a65aa62623b",
      "matrixSize": {
        "rows": 0,
        "columns": 0
      },
      "tags": [
        "English"
      ],
      "difficulty": "2",
      "assets": [],
      "type": "mcq",
      "partialMarking": false,
      "hasRelatedQuestions": false,
      "childQuestions": [],
      "question": {
        "text": "The book ‘Gandhi Before India' written by"
      },
      "options": [
        {
          "d": {
            "text": "Satish Chandra"
          },
          "v": 0
        },
        {
          "d": {
            "text": "Ramchandra Guha"
          },
          "v": 1
        },
        {
          "d": {
            "text": "Romila Thapar"
          },
          "v": 2
        },
        {
          "d": {
            "text": "H. C. Verma"
          },
          "v": 3
        }
      ],
      "answer": 1,
      "solution": {
        "text": "The book ‘Gandhi before India' is written by Ramchandra Guha."
      },
      "comprehension": "",
      "topicId": "5de8f4dcf2109b7c7646f708",
      "subTopicId": null,
      "__v": 0,
      "disabled": false
    },
    {
      "_id": "5e5f7b9038e75a65aa626234",
      "matrixSize": {
        "rows": 0,
        "columns": 0
      },
      "tags": [
        "English"
      ],
      "difficulty": "2",
      "assets": [],
      "type": "mcq",
      "partialMarking": false,
      "hasRelatedQuestions": false,
      "childQuestions": [],
      "question": {
        "text": "World ‘Malala Day' celebrated on"
      },
      "options": [
        {
          "d": {
            "text": "12 July"
          },
          "v": 0
        },
        {
          "d": {
            "text": "12 June"
          },
          "v": 1
        },
        {
          "d": {
            "text": "12 August"
          },
          "v": 2
        },
        {
          "d": {
            "text": "12 October"
          },
          "v": 3
        }
      ],
      "answer": 0,
      "solution": {
        "text": "World ‘Malala Day' observed on 12 July."
      },
      "comprehension": "",
      "topicId": "5de8f4dcf2109b7c7646f708",
      "subTopicId": null,
      "__v": 0,
      "disabled": false
    },
    {
      "_id": "5e5f86ad65e76d66869136af",
      "matrixSize": {
        "rows": 0,
        "columns": 0
      },
      "tags": [
        "English"
      ],
      "difficulty": "2",
      "assets": [],
      "type": "mcq",
      "partialMarking": false,
      "hasRelatedQuestions": false,
      "childQuestions": [],
      "question": {
        "text": "Consider the following statements: <br>1. Amaravathi will be the new capital of Andhra Pradesh. <br>2. Amaravathi is located on the banks of river Kaveri . <br>3. It is also known as ‘Dakshina Kashi' (Kashi of the south). <br>4. It was ancient seat of Satavahana ruler's kingdom. <br>Which among the above statements is/ are correct?"
      },
      "options": [
        {
          "d": {
            "text": "1, 2 and 3"
          },
          "v": 0
        },
        {
          "d": {
            "text": "1, 3 and 4"
          },
          "v": 1
        },
        {
          "d": {
            "text": "2, 3 and 4"
          },
          "v": 2
        },
        {
          "d": {
            "text": "All of the above"
          },
          "v": 3
        }
      ],
      "answer": 1,
      "solution": {
        "text": "Amaravathi is located on the banks of river Krishna."
      },
      "comprehension": "",
      "topicId": "5de8f4dcf2109b7c7646f708",
      "subTopicId": null,
      "__v": 0,
      "disabled": false
    },
    {
      "_id": "5e5f7b8f17ac81673137dd65",
      "matrixSize": {
        "rows": 0,
        "columns": 0
      },
      "tags": [
        "English"
      ],
      "difficulty": "2",
      "assets": [],
      "type": "mcq",
      "partialMarking": false,
      "hasRelatedQuestions": false,
      "childQuestions": [],
      "question": {
        "text": "The book ‘My Journey-Transforming Dreams into Action' is written by"
      },
      "options": [
        {
          "d": {
            "text": "A.P.J. Abdul Kalam"
          },
          "v": 0
        },
        {
          "d": {
            "text": "C.N.R. Rao"
          },
          "v": 1
        },
        {
          "d": {
            "text": "K. Kasturirangan"
          },
          "v": 2
        },
        {
          "d": {
            "text": "V.N. Rao"
          },
          "v": 3
        }
      ],
      "answer": 0,
      "solution": {
        "text": "‘My Journey- Transforming Dreams into Action' is written by A.P.J. Abdul Kalam."
      },
      "comprehension": "",
      "topicId": "5de8f4dcf2109b7c7646f708",
      "subTopicId": null,
      "__v": 0,
      "disabled": false
    },
    {
      "_id": "5e5f82d817ac81673137df0f",
      "matrixSize": {
        "rows": 0,
        "columns": 0
      },
      "tags": [
        "English"
      ],
      "difficulty": "2",
      "assets": [],
      "type": "mcq",
      "partialMarking": false,
      "hasRelatedQuestions": false,
      "childQuestions": [],
      "question": {
        "text": "Catalonia is located in"
      },
      "options": [
        {
          "d": {
            "text": "Spain"
          },
          "v": 0
        },
        {
          "d": {
            "text": "Scotland"
          },
          "v": 1
        },
        {
          "d": {
            "text": "Ukraine"
          },
          "v": 2
        },
        {
          "d": {
            "text": "Turkey"
          },
          "v": 3
        }
      ],
      "answer": 0,
      "solution": {
        "text": "Catalans are demanding sovereignty for Catalonia"
      },
      "comprehension": "",
      "topicId": "5de8f4dcf2109b7c7646f708",
      "subTopicId": null,
      "__v": 0,
      "disabled": false
    },
    {
      "_id": "5e5f82d717ac81673137df0e",
      "matrixSize": {
        "rows": 0,
        "columns": 0
      },
      "tags": [
        "English"
      ],
      "difficulty": "2",
      "assets": [],
      "type": "mcq",
      "partialMarking": false,
      "hasRelatedQuestions": false,
      "childQuestions": [],
      "question": {
        "text": "The World Wildlife Day is observed on"
      },
      "options": [
        {
          "d": {
            "text": "1st March"
          },
          "v": 0
        },
        {
          "d": {
            "text": "3rd March"
          },
          "v": 1
        },
        {
          "d": {
            "text": "5th March"
          },
          "v": 2
        },
        {
          "d": {
            "text": "7th March"
          },
          "v": 3
        }
      ],
      "answer": 1,
      "solution": {
        "text": "3rd March is observed as World Wildlife Day as Convention on International Trade in Endangered Species of Wild Fauna and Flora (CITES) was adopted on this day in 1973. The theme for this year is “Wildlife crime is serious, let's get serious about wildlife crime”."
      },
      "comprehension": "",
      "topicId": "5de8f4dcf2109b7c7646f708",
      "subTopicId": null,
      "__v": 0,
      "disabled": false
    },
    {
      "_id": "5e58b6b5fdfd723a500cf49d",
      "matrixSize": {
        "rows": 0,
        "columns": 0
      },
      "tags": [
        "English"
      ],
      "difficulty": "2",
      "assets": [],
      "type": "mcq",
      "partialMarking": false,
      "hasRelatedQuestions": false,
      "childQuestions": [],
      "question": {
        "text": "Consider the following statements: <br>1. Kitab-i-Nauras. a collection of songs in praise of Hindu deities and Muslim saints, was written by Ibrahim Adil Shah II. <br>2. Amir Khusrau was the originator in India of the early form of the musical style known as Qawali. <br>Which of these statements is / are correct?"
      },
      "options": [
        {
          "d": {
            "text": "Only 1"
          },
          "v": 0
        },
        {
          "d": {
            "text": "Only 2"
          },
          "v": 1
        },
        {
          "d": {
            "text": "Both 1 and 2"
          },
          "v": 2
        },
        {
          "d": {
            "text": "Neither 1 nor 2"
          },
          "v": 3
        }
      ],
      "answer": 2,
      "solution": {
        "text": "Late in the sixteenth century, Sultan Ibrahim Adil Shah II of Bijapur composed the verses that comprise the Kitab-i-Nauras, the Book of Nine Rasas. The fifty-nine songs and seventeen couplets of the book are written in Dakhni Urdu and indicate the ragas in which they were to be sung. Ibrahim was deeply devoted to music and was himself a dhrupad-singer and the player of a stringed lute-like instrument called tambur. There are also verses in praise of the Sultan’s own wife Chand Sultan, mother Bari Sahib, favourite elephant Atash Khan, and his tambur, which he had named Moti Khan. There are several verses in praise of Shiva and more than once Ibrahim speaks of Ganesha and Saraswati as his spiritual mother and father."
      },
      "comprehension": "",
      "topicId": "5de8f4dcf2109b7c7646f708",
      "subTopicId": null,
      "__v": 0,
      "disabled": false
    },
    {
      "_id": "5e609e37b1eccc449c2025fe",
      "matrixSize": {
        "rows": 0,
        "columns": 0
      },
      "tags": [
        "English"
      ],
      "difficulty": "2",
      "assets": [],
      "type": "mcq",
      "partialMarking": false,
      "hasRelatedQuestions": false,
      "childQuestions": [],
      "question": {
        "text": "Which of the following statements are correct with regard to the parliamentary elections 2013 in Bhutan? <br>1. It was Bhutan’s first parliamentary vote. <br>2. The People's Democratic Party campaigned on developing stronger ties with neighbour India. <br>3. The People's Democratic Party won 32 seats in the 47-member National Assembly. <br>4. The Peace and Prosperity Party. <br>Select the answer from the codes given below:"
      },
      "options": [
        {
          "d": {
            "text": "1, 2, and 3"
          },
          "v": 0
        },
        {
          "d": {
            "text": "2, 3, and 4"
          },
          "v": 1
        },
        {
          "d": {
            "text": "1, 3, and 4"
          },
          "v": 2
        },
        {
          "d": {
            "text": "1, 2, 3 and 4"
          },
          "v": 3
        }
      ],
      "answer": 1,
      "solution": {
        "text": "It was Bhutan's second parliamentary vote. The remote nation of about 738,000 held its first election in 2008 after the Bhutanese king voluntarily reduced the monarchy's role in running the country."
      },
      "comprehension": "",
      "topicId": "5de8f4dcf2109b7c7646f708",
      "__v": 0,
      "disabled": false
    }
  ]