[
    {
      "_id": "5e2e88e3155e016e825f982c",
      "matrixSize": {
        "rows": 0,
        "columns": 0
      },
      "tags": [
        "English"
      ],
      "difficulty": "1",
      "assets": [],
      "type": "mcq",
      "partialMarking": false,
      "hasRelatedQuestions": false,
      "childQuestions": [],
      "question": {
        "text": "Isopleth depicting the same mean value of sun shine is termed"
      },
      "options": [
        {
          "d": {
            "text": "Isonephs"
          },
          "v": 0
        },
        {
          "d": {
            "text": "Isorums"
          },
          "v": 1
        },
        {
          "d": {
            "text": "Isohels"
          },
          "v": 2
        },
        {
          "d": {
            "text": "Isohyets"
          },
          "v": 3
        }
      ],
      "answer": 2,
      "solution": {
        "text": "Isohels represent points receiving equal amounts of Sunshine."
      },
      "comprehension": "",
      "topicId": "5de8f278f2109b7c7646f6b9",
      "__v": 0,
      "disabled": false
    },
    {
      "_id": "5e2e88dc155e016e825f9823",
      "matrixSize": {
        "rows": 0,
        "columns": 0
      },
      "tags": [
        "English"
      ],
      "difficulty": "1",
      "assets": [],
      "type": "mcq",
      "partialMarking": false,
      "hasRelatedQuestions": false,
      "childQuestions": [],
      "question": {
        "text": "Consider the following statements:<br>1. Either of the two belts over the oceans at about 30° to 35° N and S latitudes is known as Horse Latitude.<br>2. Horse latitude are low pressure belts. <br>Which of the statements given above is/are correct?"
      },
      "options": [
        {
          "d": {
            "text": "1 only"
          },
          "v": 0
        },
        {
          "d": {
            "text": "2 only"
          },
          "v": 1
        },
        {
          "d": {
            "text": "Both 1 and 2"
          },
          "v": 2
        },
        {
          "d": {
            "text": "Neither 1 nor 2"
          },
          "v": 3
        }
      ],
      "answer": 0,
      "solution": {
        "text": "Horse latitudes or subtropical highs are subtropical latitudes between 30 and 35 degrees both north and south where Earth’s atmosphere is dominated by the subtropical high, an area of high pressure, which suppresses precipitation and cloud formation, and has variable winds mixed with calm winds."
      },
      "comprehension": "",
      "topicId": "5de8f278f2109b7c7646f6b9",
      "__v": 0,
      "disabled": false
    },
    {
      "_id": "5e2e88df155e016e825f9827",
      "matrixSize": {
        "rows": 0,
        "columns": 0
      },
      "tags": [
        "English"
      ],
      "difficulty": "1",
      "assets": [],
      "type": "mcq",
      "partialMarking": false,
      "hasRelatedQuestions": false,
      "childQuestions": [],
      "question": {
        "text": "The equator passes through"
      },
      "options": [
        {
          "d": {
            "text": "Cameroon"
          },
          "v": 0
        },
        {
          "d": {
            "text": "Costa Rica"
          },
          "v": 1
        },
        {
          "d": {
            "text": "Kenya"
          },
          "v": 2
        },
        {
          "d": {
            "text": "Venezuela"
          },
          "v": 3
        }
      ],
      "answer": 2,
      "solution": {
        "text": "The Equator passes through Kenya."
      },
      "comprehension": "",
      "topicId": "5de8f278f2109b7c7646f6b9",
      "__v": 0,
      "disabled": false
    },
    {
      "_id": "5e2e88ea155e016e825f9837",
      "matrixSize": {
        "rows": 0,
        "columns": 0
      },
      "tags": [
        "English"
      ],
      "difficulty": "1",
      "assets": [],
      "type": "mcq",
      "partialMarking": false,
      "hasRelatedQuestions": false,
      "childQuestions": [],
      "question": {
        "text": "Which one among the following is the largest island in area?"
      },
      "options": [
        {
          "d": {
            "text": "Borneo"
          },
          "v": 0
        },
        {
          "d": {
            "text": "Great Britain"
          },
          "v": 1
        },
        {
          "d": {
            "text": "Madagascar"
          },
          "v": 2
        },
        {
          "d": {
            "text": "Sumatra "
          },
          "v": 3
        }
      ],
      "answer": 0,
      "solution": {
        "text": "Borneo-748,168 Sq. Km. is one of the largest islands in the world. Areas of other islands are, <br>Madagascar-587,041 Sq. Km <br>Sumatra- 443,066 Sq. Km <br>Great Britain- 209,331 Sq. Km"
      },
      "comprehension": "",
      "topicId": "5de8f278f2109b7c7646f6b9",
      "__v": 0,
      "disabled": false
    },
    {
      "_id": "5eac0a718117d94fbb54c4b8",
      "matrixSize": {
        "rows": 0,
        "columns": 0
      },
      "tags": [],
      "difficulty": "2",
      "assets": [],
      "type": "mcq",
      "partialMarking": false,
      "hasRelatedQuestions": false,
      "childQuestions": [],
      "question": {
        "text": "With reference to the 'Eastern Coastal Plain', consider the following statements:<br>1. Eastern Coastal Plain extends along the coast of Bay of Bengal from the Ganga delta to Kanyakumari.<br>2. This plain includes the deltas of Mahanadi, Godavari, Krishna and Kaveri.<br>3. Chilka, Pulicat, Vembanad and Kolleru lakes are situated in this coastal plain.<br>Which of the statement(s) given above is/are correct?"
      },
      "options": [
        {
          "d": {
            "text": "1 only"
          },
          "v": 0
        },
        {
          "d": {
            "text": "1 and 2 only"
          },
          "v": 1
        },
        {
          "d": {
            "text": "3 only"
          },
          "v": 2
        },
        {
          "d": {
            "text": "1, 2 and 3"
          },
          "v": 3
        }
      ],
      "answer": 1,
      "solution": {
        "text": "Statement 1 is correct: East Coastal Plain extends along the coast of the Bay of Bengal from Ganga Delta in the north to Kanyakumari in the south. This plain is broader than the western coastal Plains. <br>Statement 2 is correct: This plain includes the deltas of the rivers Mahanadi, Godavari, Krishna and Kaveri. <br>Statement 3 is incorrect: Chilka, Pulicat and Koluru lakes are the famous lagoons of this plain. These lakes have been formed by enclosing small parts of the Bay of Bengal behind sand bars. Lake Chilka is situated south of the delta of Mahanadi. The lake measures 75 km in length. Lake Pulicut is situated north of Chennai city. Koluru lake is situated between the deltas of the Godavari and Krishna rivers. The east coastal plain is fertile where rice grows in plenty. Vembanad lake is situated in the western coastal plain.<br>"
      },
      "comprehension": "",
      "topicId": "5de8f278f2109b7c7646f6b9",
      "subTopicId": null,
      "__v": 0,
      "disabled": false
    },
    {
      "_id": "5e2e88e2155e016e825f982b",
      "matrixSize": {
        "rows": 0,
        "columns": 0
      },
      "tags": [
        "English"
      ],
      "difficulty": "1",
      "assets": [],
      "type": "mcq",
      "partialMarking": false,
      "hasRelatedQuestions": false,
      "childQuestions": [],
      "question": {
        "text": "What are the date/dates on which day and night are equal in both the hemispheres?"
      },
      "options": [
        {
          "d": {
            "text": "June 21"
          },
          "v": 0
        },
        {
          "d": {
            "text": "December 22"
          },
          "v": 1
        },
        {
          "d": {
            "text": "March 21 and September 23"
          },
          "v": 2
        },
        {
          "d": {
            "text": "June 21 and December 22"
          },
          "v": 3
        }
      ],
      "answer": 2,
      "solution": {
        "text": "It happens during Vernal Equinox (21st March) and Autumn Equinox (September 23)."
      },
      "comprehension": "",
      "topicId": "5de8f278f2109b7c7646f6b9",
      "__v": 0,
      "disabled": false
    },
    {
      "_id": "5e2e88e4155e016e825f982e",
      "matrixSize": {
        "rows": 0,
        "columns": 0
      },
      "tags": [
        "English"
      ],
      "difficulty": "1",
      "assets": [],
      "type": "mcq",
      "partialMarking": false,
      "hasRelatedQuestions": false,
      "childQuestions": [],
      "question": {
        "text": "International Date line is"
      },
      "options": [
        {
          "d": {
            "text": "equator"
          },
          "v": 0
        },
        {
          "d": {
            "text": "0° longitude"
          },
          "v": 1
        },
        {
          "d": {
            "text": "90° east longitude"
          },
          "v": 2
        },
        {
          "d": {
            "text": "180° east-west longitude"
          },
          "v": 3
        }
      ],
      "answer": 3,
      "solution": {
        "text": "The international data line is located about 180°E (or 180° W) of Greenwich."
      },
      "comprehension": "",
      "topicId": "5de8f278f2109b7c7646f6b9",
      "__v": 0,
      "disabled": false
    },
    {
      "_id": "5e2e88ec155e016e825f983a",
      "matrixSize": {
        "rows": 0,
        "columns": 0
      },
      "tags": [
        "English"
      ],
      "difficulty": "1",
      "assets": [],
      "type": "mcq",
      "partialMarking": false,
      "hasRelatedQuestions": false,
      "childQuestions": [],
      "question": {
        "text": "The Great Victorian Desert is located at"
      },
      "options": [
        {
          "d": {
            "text": "Australia"
          },
          "v": 0
        },
        {
          "d": {
            "text": "India"
          },
          "v": 1
        },
        {
          "d": {
            "text": "Egypt"
          },
          "v": 2
        },
        {
          "d": {
            "text": "North Africa "
          },
          "v": 3
        }
      ],
      "answer": 0,
      "solution": {
        "text": "The Great Victorian desert is located in southern part of Australia, lt is also the largest desert of Australia."
      },
      "comprehension": "",
      "topicId": "5de8f278f2109b7c7646f6b9",
      "__v": 0,
      "disabled": false
    },
    {
      "_id": "5e2e88e6155e016e825f9831",
      "matrixSize": {
        "rows": 0,
        "columns": 0
      },
      "tags": [
        "English"
      ],
      "difficulty": "1",
      "assets": [],
      "type": "mcq",
      "partialMarking": false,
      "hasRelatedQuestions": false,
      "childQuestions": [],
      "question": {
        "text": "Name the Continents that form a mirror image of each other"
      },
      "options": [
        {
          "d": {
            "text": "North America and South America"
          },
          "v": 0
        },
        {
          "d": {
            "text": "Asia and Africa"
          },
          "v": 1
        },
        {
          "d": {
            "text": "Africa and South America"
          },
          "v": 2
        },
        {
          "d": {
            "text": "Europe and Asia"
          },
          "v": 3
        }
      ],
      "answer": 2,
      "solution": {
        "text": "Africa and South America form a mirror image of each other. "
      },
      "comprehension": "",
      "topicId": "5de8f278f2109b7c7646f6b9",
      "__v": 0,
      "disabled": false
    },
    {
      "_id": "5e2e88e5155e016e825f9830",
      "matrixSize": {
        "rows": 0,
        "columns": 0
      },
      "tags": [
        "English"
      ],
      "difficulty": "1",
      "assets": [],
      "type": "mcq",
      "partialMarking": false,
      "hasRelatedQuestions": false,
      "childQuestions": [],
      "question": {
        "text": "Asia has large areas of inland drainage. Why is it so?"
      },
      "options": [
        {
          "d": {
            "text": "Rainfall is seasonal and scanty"
          },
          "v": 0
        },
        {
          "d": {
            "text": "There is a number of intermontane plateaus"
          },
          "v": 1
        },
        {
          "d": {
            "text": "River channels are obstructed by lava flows"
          },
          "v": 2
        },
        {
          "d": {
            "text": "It is a very large continent"
          },
          "v": 3
        }
      ],
      "answer": 0,
      "solution": {
        "text": "Asia has large areas of inland drainage because rainfall is seasonal and scanty."
      },
      "comprehension": "",
      "topicId": "5de8f278f2109b7c7646f6b9",
      "__v": 0,
      "disabled": false
    },
    {
      "_id": "5e60bdcb7aae84262a9c26b0",
      "matrixSize": {
        "rows": 0,
        "columns": 0
      },
      "tags": [
        "English"
      ],
      "difficulty": "1",
      "assets": [],
      "type": "mcq",
      "partialMarking": false,
      "hasRelatedQuestions": false,
      "childQuestions": [],
      "question": {
        "text": "Consider the following statements: <br>1. On the planet Earth, the fresh water available for use amounts to about less than 1% of the total water found. <br>2. Of the total fresh water found on the planet Earth 95% is bound up in polar ice caps and glaciers. <br>Which of the statements given above is/are correct?"
      },
      "options": [
        {
          "d": {
            "text": "1 only"
          },
          "v": 0
        },
        {
          "d": {
            "text": "2 only"
          },
          "v": 1
        },
        {
          "d": {
            "text": "1 and 2 both"
          },
          "v": 2
        },
        {
          "d": {
            "text": "None"
          },
          "v": 3
        }
      ],
      "answer": 3,
      "solution": {
        "text": "Only 1.2% of water is stored as fresh water and about 95% is stored in oceans."
      },
      "comprehension": "",
      "topicId": "5de8f278f2109b7c7646f6b9",
      "__v": 0,
      "disabled": false
    },
    {
      "_id": "5e60bdcbd8aa1a2446cd4118",
      "matrixSize": {
        "rows": 0,
        "columns": 0
      },
      "tags": [
        "English"
      ],
      "difficulty": "2",
      "assets": [],
      "type": "mcq",
      "partialMarking": false,
      "hasRelatedQuestions": false,
      "childQuestions": [],
      "question": {
        "text": "Which of the following are true with respect to fold mountains? <br>1. Their tops are often buried beneath snow and ice. <br>2. They form rugged peaks. <br>3. They are caused by contraction of the earth's crust. <br>4. They contain a core composed of metamorphic and igneous rocks."
      },
      "options": [
        {
          "d": {
            "text": "1, 3 and 4"
          },
          "v": 0
        },
        {
          "d": {
            "text": "2, 3 and 4"
          },
          "v": 1
        },
        {
          "d": {
            "text": "1 and 2"
          },
          "v": 2
        },
        {
          "d": {
            "text": "1 and 4"
          },
          "v": 3
        }
      ],
      "answer": 0,
      "solution": {
        "text": "Fold mountains are mountains formed mainly by the effects of folding on layers in the upper part of the Earth's crust. The term is rather out of date, though still fairly common in physical geography literature."
      },
      "comprehension": "",
      "topicId": "5de8f278f2109b7c7646f6b9",
      "__v": 0,
      "disabled": false
    },
    {
      "_id": "5eac0a7e8117d94fbb54c4b9",
      "matrixSize": {
        "rows": 0,
        "columns": 0
      },
      "tags": [],
      "difficulty": "2",
      "assets": [],
      "type": "mcq",
      "partialMarking": false,
      "hasRelatedQuestions": false,
      "childQuestions": [],
      "question": {
        "text": "With reference to the 'Godavari river system', consider the following statements:<br>1. It is the largest peninsular river system.<br>2. It originates in northwestern Maharashtra in the Western Ghats range.<br>3. The catchment area of the river spreads over only three states of India.<br>Which of the above statements is/are correct?"
      },
      "options": [
        {
          "d": {
            "text": "1 only"
          },
          "v": 0
        },
        {
          "d": {
            "text": "1 and 2 only"
          },
          "v": 1
        },
        {
          "d": {
            "text": "3 only"
          },
          "v": 2
        },
        {
          "d": {
            "text": "1, 2 and 3"
          },
          "v": 3
        }
      ],
      "answer": 1,
      "solution": {
        "text": "Statement 1 is correct: Being the largest peninsular river, Godavari is especially significant for agriculture in the area. The Godavari and Krishna deltas are very close to each other. Together, they support almost 1 crore people in an area of 12,700 sq km. <br>Statement 2 is correct: The Godavari River rises in northwestern Maharashtra state in the Western Ghats range, only about 50 miles (80 km) from the Arabian Sea, and flows for most of its course generally eastward across the broad plateau of the Deccan (peninsular India). Triambakeshwar, where the Godavari originates, is one the twelve Jyotirlingas in India.<br>Statement 3 is incorrect: Its tributaries run through the states of Maharashtra, Madhya Pradesh, Chhattisgarh, Odisha and Andhra Pradesh. It is 1,465 km long with a catchment area spreading over 3.13 lakh sq. km 49 per cent of this, lies in Maharashtra, 20 per cent in Madhya Pradesh and Chhattisgarh, and the rest in Andhra Pradesh.<br>"
      },
      "comprehension": "",
      "topicId": "5de8f278f2109b7c7646f6b9",
      "subTopicId": null,
      "__v": 0,
      "disabled": false
    },
    {
      "_id": "5e2e88d8155e016e825f981d",
      "matrixSize": {
        "rows": 0,
        "columns": 0
      },
      "tags": [
        "English"
      ],
      "difficulty": null,
      "assets": [],
      "type": "mcq",
      "partialMarking": false,
      "hasRelatedQuestions": false,
      "childQuestions": [],
      "question": {
        "text": "The ratio between meridian and equator on globe is"
      },
      "options": [
        {
          "d": {
            "text": "1 : 2"
          },
          "v": 0
        },
        {
          "d": {
            "text": "1 : 1"
          },
          "v": 1
        },
        {
          "d": {
            "text": "1 : 4"
          },
          "v": 2
        },
        {
          "d": {
            "text": "2 : 1"
          },
          "v": 3
        }
      ],
      "answer": 3,
      "solution": {
        "text": ""
      },
      "comprehension": "",
      "topicId": "5de8f278f2109b7c7646f6b9",
      "__v": 0,
      "disabled": false
    },
    {
      "_id": "5e5e14515a01bb76c9a35702",
      "matrixSize": {
        "rows": 0,
        "columns": 0
      },
      "tags": [
        "English"
      ],
      "difficulty": null,
      "assets": [],
      "type": "mcq",
      "partialMarking": false,
      "hasRelatedQuestions": false,
      "childQuestions": [],
      "question": {
        "text": "With reference to 'Changpa' community of India, consider the following statements : 1. They live mainly in the State of Uttarakhand. 2. They rear the Pashmina goats that yield a fine wool. 3. They are kept in the category of Scheduled Tribes. Which of the statements given above is/are correct?"
      },
      "options": [
        {
          "d": {
            "text": "1 only"
          },
          "v": 0
        },
        {
          "d": {
            "text": "2 and 3 only"
          },
          "v": 1
        },
        {
          "d": {
            "text": "3 only"
          },
          "v": 2
        },
        {
          "d": {
            "text": "1,2 and 3"
          },
          "v": 3
        }
      ],
      "answer": 1,
      "solution": {
        "text": "The Changpa are a semi-nomadic Tibetan ethnic group found mainly in Zanskar region of Jammu and Kashmir. They rear the Pashmina goats that yield a fine wool. They are kept inthe category of Scheduled Tribes."
      },
      "comprehension": "",
      "topicId": "5de8f278f2109b7c7646f6b9",
      "__v": 0,
      "disabled": false
    },
    {
      "_id": "5e60bdcedce20326fbfb30c5",
      "matrixSize": {
        "rows": 0,
        "columns": 0
      },
      "tags": [
        "English"
      ],
      "difficulty": null,
      "assets": [],
      "type": "mcq",
      "partialMarking": false,
      "hasRelatedQuestions": false,
      "childQuestions": [],
      "question": {
        "text": "Consider the following statements: <br>1. Silent Valley National Park in the Nallamalai range. <br>2. Pathrakkadavu Hydroelectric project is proposed to be built near the Silent Valley National Park. 3. The Kunthi river originates in Silent Valley's rainforests. <br>Which of the statements given above is/are correct?"
      },
      "options": [
        {
          "d": {
            "text": "1 and 3"
          },
          "v": 0
        },
        {
          "d": {
            "text": "2 only"
          },
          "v": 1
        },
        {
          "d": {
            "text": "2 and 3"
          },
          "v": 2
        },
        {
          "d": {
            "text": "1, 2 and 3"
          },
          "v": 3
        }
      ],
      "answer": 2,
      "solution": {
        "text": "Silent valley is located in Nilgiri hills. The other two statements are correct."
      },
      "comprehension": "",
      "topicId": "5de8f278f2109b7c7646f6b9",
      "__v": 0,
      "disabled": false
    },
    {
      "_id": "5e2e88f0155e016e825f983f",
      "matrixSize": {
        "rows": 0,
        "columns": 0
      },
      "tags": [
        "English"
      ],
      "difficulty": "1",
      "assets": [],
      "type": "mcq",
      "partialMarking": false,
      "hasRelatedQuestions": false,
      "childQuestions": [],
      "question": {
        "text": "The Island of Honshu is located in which one of the following countries?"
      },
      "options": [
        {
          "d": {
            "text": "Indonesia"
          },
          "v": 0
        },
        {
          "d": {
            "text": "Malaysia"
          },
          "v": 1
        },
        {
          "d": {
            "text": "Japan"
          },
          "v": 2
        },
        {
          "d": {
            "text": "South Korea"
          },
          "v": 3
        }
      ],
      "answer": 2,
      "solution": {
        "text": "The island of Honshu is located in Japan."
      },
      "comprehension": "",
      "topicId": "5de8f278f2109b7c7646f6b9",
      "__v": 0,
      "disabled": false
    },
    {
      "_id": "5e2e88df155e016e825f9826",
      "matrixSize": {
        "rows": 0,
        "columns": 0
      },
      "tags": [
        "English"
      ],
      "difficulty": "1",
      "assets": [],
      "type": "mcq",
      "partialMarking": false,
      "hasRelatedQuestions": false,
      "childQuestions": [],
      "question": {
        "text": "Assertion(A) : Mercator’s projection has been used for making navigational charts. <br>Reason (R) : Loxodromes are shown as straight lines on this."
      },
      "options": [
        {
          "d": {
            "text": "Both A and R are true and R Explains A"
          },
          "v": 0
        },
        {
          "d": {
            "text": "Both A and R are true but R does not explain A"
          },
          "v": 1
        },
        {
          "d": {
            "text": "A is true but R is false"
          },
          "v": 2
        },
        {
          "d": {
            "text": "A is false but R is true"
          },
          "v": 3
        }
      ],
      "answer": 0,
      "solution": {
        "text": "Mercator’s projection is used for marine navigation due to the fact that it shows loxodromes as straight lines."
      },
      "comprehension": "",
      "topicId": "5de8f278f2109b7c7646f6b9",
      "__v": 0,
      "disabled": false
    },
    {
      "_id": "5e2e88ee155e016e825f983d",
      "matrixSize": {
        "rows": 0,
        "columns": 0
      },
      "tags": [
        "English"
      ],
      "difficulty": "2",
      "assets": [],
      "type": "mcq",
      "partialMarking": false,
      "hasRelatedQuestions": false,
      "childQuestions": [],
      "question": {
        "text": "Which of the following pairs is not correctly matched? <br>Country - Capital"
      },
      "options": [
        {
          "d": {
            "text": "Guinea Bissau - Bissau"
          },
          "v": 0
        },
        {
          "d": {
            "text": "Taiwan - Taipei"
          },
          "v": 1
        },
        {
          "d": {
            "text": "Nicaragua - Managua"
          },
          "v": 2
        },
        {
          "d": {
            "text": "Maldives - Malabo"
          },
          "v": 3
        }
      ],
      "answer": 3,
      "solution": {
        "text": "The correct match of the country and the capital <br>Guinea Bissau-Bissau <br>Taiwan- Taipei <br>Nicaragua-Managua <br>Maldives-Male"
      },
      "comprehension": "",
      "topicId": "5de8f278f2109b7c7646f6b9",
      "__v": 0,
      "disabled": false
    },
    {
      "_id": "5e2e88d7155e016e825f981c",
      "matrixSize": {
        "rows": 0,
        "columns": 0
      },
      "tags": [
        "English"
      ],
      "difficulty": "1",
      "assets": [],
      "type": "mcq",
      "partialMarking": false,
      "hasRelatedQuestions": false,
      "childQuestions": [],
      "question": {
        "text": "The terms longitude and latitude were first used by"
      },
      "options": [
        {
          "d": {
            "text": "Herodotus"
          },
          "v": 0
        },
        {
          "d": {
            "text": "Eratosthenes"
          },
          "v": 1
        },
        {
          "d": {
            "text": "Posidonius"
          },
          "v": 2
        },
        {
          "d": {
            "text": "Ptolemy"
          },
          "v": 3
        }
      ],
      "answer": 1,
      "solution": {
        "text": "The terms longitude and latitude were first used by Eratosthenes. Eratosthenes of Cyrene was a Greek mathematician, geographer, poet, astronomer, and music theorist. He was a man of learning, becoming the chief librarian at the Library of Alexandria."
      },
      "comprehension": "",
      "topicId": "5de8f278f2109b7c7646f6b9",
      "__v": 0,
      "disabled": false
    },
    {
      "_id": "5e2e88e9155e016e825f9835",
      "matrixSize": {
        "rows": 0,
        "columns": 0
      },
      "tags": [
        "English"
      ],
      "difficulty": "1",
      "assets": [],
      "type": "mcq",
      "partialMarking": false,
      "hasRelatedQuestions": false,
      "childQuestions": [],
      "question": {
        "text": "Which of the following statements is incorrect about ‘great circle’?"
      },
      "options": [
        {
          "d": {
            "text": "Equator is great circle"
          },
          "v": 0
        },
        {
          "d": {
            "text": "A ship can save fuel and time by following the great circle are between two points"
          },
          "v": 1
        },
        {
          "d": {
            "text": "Only one great circle can be drawn on a sphere"
          },
          "v": 2
        },
        {
          "d": {
            "text": "A great circle results when a plane passes through the centre of a sphere"
          },
          "v": 3
        }
      ],
      "answer": 2,
      "solution": {
        "text": "There can be more than one great circle which can be drawn on a sphere."
      },
      "comprehension": "",
      "topicId": "5de8f278f2109b7c7646f6b9",
      "__v": 0,
      "disabled": false
    },
    {
      "_id": "5e2e88dc155e016e825f9822",
      "matrixSize": {
        "rows": 0,
        "columns": 0
      },
      "tags": [
        "English"
      ],
      "difficulty": "2",
      "assets": [],
      "type": "mcq",
      "partialMarking": false,
      "hasRelatedQuestions": false,
      "childQuestions": [],
      "question": {
        "text": "Which one of the following characteristics of the earth is not explained by the tetrahedral hypothesis?"
      },
      "options": [
        {
          "d": {
            "text": "Drifting of the continents."
          },
          "v": 0
        },
        {
          "d": {
            "text": "Location of chain of Fold Mountains around the Pacific Ocean."
          },
          "v": 1
        },
        {
          "d": {
            "text": "Antipodal arrangement of the continents and oceans."
          },
          "v": 2
        },
        {
          "d": {
            "text": "Triangular shape of the continents and the oceans."
          },
          "v": 3
        }
      ],
      "answer": 0,
      "solution": {
        "text": "The Tetrahedral hypothesis is an obsolete scientific theory attempting to explain the arrangement of the Earth’s continents and oceans by referring to the geometry of a tetrahedron. Although it was a historically interesting theory in the late 19th and early 20th century, it was superseded by the concepts of continental drift and modern plate tectonics."
      },
      "comprehension": "",
      "topicId": "5de8f278f2109b7c7646f6b9",
      "__v": 0,
      "disabled": false
    },
    {
      "_id": "5e2e88e1155e016e825f982a",
      "matrixSize": {
        "rows": 0,
        "columns": 0
      },
      "tags": [
        "English"
      ],
      "difficulty": "1",
      "assets": [],
      "type": "mcq",
      "partialMarking": false,
      "hasRelatedQuestions": false,
      "childQuestions": [],
      "question": {
        "text": "Which river of Africa crosses the Tropic of Capricorn twice?"
      },
      "options": [
        {
          "d": {
            "text": "Congo"
          },
          "v": 0
        },
        {
          "d": {
            "text": "Limpopo"
          },
          "v": 1
        },
        {
          "d": {
            "text": "Niger"
          },
          "v": 2
        },
        {
          "d": {
            "text": "Zambezi"
          },
          "v": 3
        }
      ],
      "answer": 1,
      "solution": {
        "text": "Limpopo, River of Africa crosses the tropic of Capricorn twice. The Limpopo River rises in central southern Africa, and flows generally eastwards to the Indian Ocean."
      },
      "comprehension": "",
      "topicId": "5de8f278f2109b7c7646f6b9",
      "__v": 0,
      "disabled": false
    },
    {
      "_id": "5e60bdcdd8aa1a2446cd411a",
      "matrixSize": {
        "rows": 0,
        "columns": 0
      },
      "tags": [
        "English"
      ],
      "difficulty": "1",
      "assets": [],
      "type": "mcq",
      "partialMarking": false,
      "hasRelatedQuestions": false,
      "childQuestions": [],
      "question": {
        "text": "If there were no Himalayan ranges, what would have been the most likely geographical impact on India? <br>1. Much of the country would experience the cold waves from Siberia. <br>2. Indo-gangetic plain would be devoid of such extensive alluvial soils. <br>3. The pattern of monsoon would be different from what it is at present. <br>Which of the statements given above is/are correct?"
      },
      "options": [
        {
          "d": {
            "text": "1 only"
          },
          "v": 0
        },
        {
          "d": {
            "text": "1 and 3"
          },
          "v": 1
        },
        {
          "d": {
            "text": "2 and 3"
          },
          "v": 2
        },
        {
          "d": {
            "text": "1, 2 and 3"
          },
          "v": 3
        }
      ],
      "answer": 3,
      "solution": {
        "text": "All the statements given in the question are correct."
      },
      "comprehension": "",
      "topicId": "5de8f278f2109b7c7646f6b9",
      "__v": 0,
      "disabled": false
    },
    {
      "_id": "5e60bdcf7aae84262a9c26b6",
      "matrixSize": {
        "rows": 0,
        "columns": 0
      },
      "tags": [
        "English"
      ],
      "difficulty": "1",
      "assets": [],
      "type": "mcq",
      "partialMarking": false,
      "hasRelatedQuestions": false,
      "childQuestions": [],
      "question": {
        "text": "Which one of the following pairs is not correctly matched? "
      },
      "options": [
        {
          "d": {
            "text": "Hirakund Project — Orissa"
          },
          "v": 0
        },
        {
          "d": {
            "text": "Jaldhaka Project — West Bengal"
          },
          "v": 1
        },
        {
          "d": {
            "text": "Tehri Dam Project — Uttar Pradesh"
          },
          "v": 2
        },
        {
          "d": {
            "text": "Beas Project — Punjab"
          },
          "v": 3
        }
      ],
      "answer": 2,
      "solution": {
        "text": "The Tehri Dam is the highest dam in India and one of the tallest in the world. It is a multi-purpose rock and earthfill embankment dam on the Bhagirathi River near Tehri in Uttarakhand, India. It is the primary dam of the THDC India Ltd. and the Tehri hydroelectric complex."
      },
      "comprehension": "",
      "topicId": "5de8f278f2109b7c7646f6b9",
      "__v": 0,
      "disabled": false
    },
    {
      "_id": "5e60bdcc7aae84262a9c26b1",
      "matrixSize": {
        "rows": 0,
        "columns": 0
      },
      "tags": [
        "English"
      ],
      "difficulty": "2",
      "assets": [],
      "type": "mcq",
      "partialMarking": false,
      "hasRelatedQuestions": false,
      "childQuestions": [],
      "question": {
        "text": "Match list I with List II.  <table><b><th>List-I</th><th>List-II   </th></b><tr><td>(A) L.Lonar</td><td>  (1) Crater lake</td></tr><tr><td>(B) L.Chilka</td><td>(2) Lagoon</td></tr><tr><td>(C) Volcanoes of Hawaiin islands</td><td>(3) Shield volcano </td></tr><tr><td> (D) Mt.Vesuvius</td><td>   (4) Cinder cone </td></tr></table>Select the correct option form the codes given below:"
      },
      "options": [
        {
          "d": {
            "text": "A - 2 ; B - 1 ; C - 4 ; D - 3"
          },
          "v": 0
        },
        {
          "d": {
            "text": "A - 1 ; B - 2 ; C - 4 ; D - 3"
          },
          "v": 1
        },
        {
          "d": {
            "text": "A - 4 ; B - 3 ; C - 2 ; D - 1"
          },
          "v": 2
        },
        {
          "d": {
            "text": "A - 1 ; B - 2 ; C - 3 ; D - 4"
          },
          "v": 3
        }
      ],
      "answer": 3,
      "solution": {
        "text": "Lonar Lake is a saline soda lake located at Lonar in Buldana district, Maharashtra, India, which was created by a meteor impact during the Pleistocene Epoch. Chilka Lake is a brackish water lagoon, spread over the Puri, Khurda and Ganjam districts of Odisha state on the east coast of India, at the mouth of the Daya River, flowing into the Bay of Bengal, covering an area of over 1,100 km . The Hawaiian Islands are at the southeastern end of a chain of volcanoes that began to form more than 70 million years ago. Many of these volcanoes formed islands that have subsided and eroded beneath sea level, and some of the old volcanoes probably never reached sea level. Mount Vesuvius is astratovolcano in the Gulf of Naples, Italy, about 9 km (5.6 mi) east of Naples and a short distance from the shore. It is one of several volcanoes which form the Campanian volcanic arc."
      },
      "comprehension": "",
      "topicId": "5de8f278f2109b7c7646f6b9",
      "__v": 0,
      "disabled": false
    },
    {
      "_id": "5e60bdcf7aae84262a9c26b5",
      "matrixSize": {
        "rows": 0,
        "columns": 0
      },
      "tags": [
        "English"
      ],
      "difficulty": "2",
      "assets": [],
      "type": "mcq",
      "partialMarking": false,
      "hasRelatedQuestions": false,
      "childQuestions": [],
      "question": {
        "text": "Consider the following statements regarding environment issues of India: <br>1. Gulf of Mannar is one of the biosphere reserves. <br>2. The Ganga Action Plan, phase II has been merged with the National River Conservation Plan. <br>3. The National Museum of Natural History at New Delhi imparts non-formal education in environment and conservation. <br>4. Environmental Information System (ENVIS) acts as a decentralized information network for environment information. <br>Which of these statements are correct?"
      },
      "options": [
        {
          "d": {
            "text": "1, 2 and 4"
          },
          "v": 0
        },
        {
          "d": {
            "text": "1, 2, 3 and 4"
          },
          "v": 1
        },
        {
          "d": {
            "text": "2 and 3"
          },
          "v": 2
        },
        {
          "d": {
            "text": "1, 3 and 4"
          },
          "v": 3
        }
      ],
      "answer": 1,
      "solution": {
        "text": "All the statements given in the options are correct."
      },
      "comprehension": "",
      "topicId": "5de8f278f2109b7c7646f6b9",
      "__v": 0,
      "disabled": false
    },
    {
      "_id": "5e60bdcd7aae84262a9c26b3",
      "matrixSize": {
        "rows": 0,
        "columns": 0
      },
      "tags": [
        "English"
      ],
      "difficulty": "1",
      "assets": [],
      "type": "mcq",
      "partialMarking": false,
      "hasRelatedQuestions": false,
      "childQuestions": [],
      "question": {
        "text": "Which of the following pairs are correctly matched? <table><b><th>Waterfalls</th><th>River </th></b><tr><td>1. Kapildhara Falls</td><td> Godavari </td></tr><tr><td>2. Jog Falls</td><td>Sharavathi</td></tr><tr><td>3. Shivasamudram Falls </td><td>Cauvery</td></tr></table>Select the correct answer using the code given below:"
      },
      "options": [
        {
          "d": {
            "text": "1 and 2"
          },
          "v": 0
        },
        {
          "d": {
            "text": "2 and 3"
          },
          "v": 1
        },
        {
          "d": {
            "text": "1 and 3"
          },
          "v": 2
        },
        {
          "d": {
            "text": "1, 2 and 3"
          },
          "v": 3
        }
      ],
      "answer": 1,
      "solution": {
        "text": "Shivasamudram falls is located on river Cauvery. Jog waterfall is the highest waterfall in India of 253 metres on Sharavathi river."
      },
      "comprehension": "",
      "topicId": "5de8f278f2109b7c7646f6b9",
      "__v": 0,
      "disabled": false
    },
    {
      "_id": "5e60bdccd8aa1a2446cd4119",
      "matrixSize": {
        "rows": 0,
        "columns": 0
      },
      "tags": [
        "English"
      ],
      "difficulty": "2",
      "assets": [],
      "type": "mcq",
      "partialMarking": false,
      "hasRelatedQuestions": false,
      "childQuestions": [],
      "question": {
        "text": "Which of the following are correct? <br>1. The evaporation leads to the cooling of adjacent air. <br>2. The basis for all factors which favours evaporation is the vapour pressure at a water surface. <br>3. The specific humidity of air remains constant when there is no gain or loss of moisture, though the absolute humidity changes. <br>4. The dew-point temperature is the temperature at which condensation starts if the air is sufficiently cooled. <br>Select the correct answer from the codes given below:"
      },
      "options": [
        {
          "d": {
            "text": "1, 2 and 3"
          },
          "v": 0
        },
        {
          "d": {
            "text": "1, 2, 3 and 4"
          },
          "v": 1
        },
        {
          "d": {
            "text": "1, 2 and 4"
          },
          "v": 2
        },
        {
          "d": {
            "text": "2, 3 and 4"
          },
          "v": 3
        }
      ],
      "answer": 1,
      "solution": {
        "text": "Evaporation is an essential part of the water cycle. The sun (solar energy) drives evaporation of water from oceans, lakes, moisture in the soil, and other sources of water. In hydrology, evaporation and transpiration (which involves evaporation within plant stomata) are collectively termed evapotranspiration. Evaporation of water occurs when the surface of the liquid is exposed, allowing molecules to escape and form water vapor; this vapor can then rise up and form clouds."
      },
      "comprehension": "",
      "topicId": "5de8f278f2109b7c7646f6b9",
      "__v": 0,
      "disabled": false
    },
    {
      "_id": "5e5e1451d0d34f767745649f",
      "matrixSize": {
        "rows": 0,
        "columns": 0
      },
      "tags": [
        "English"
      ],
      "difficulty": null,
      "assets": [],
      "type": "mcq",
      "partialMarking": false,
      "hasRelatedQuestions": false,
      "childQuestions": [],
      "question": {
        "text": "With reference to the sub-tropical high pressure belt, consider the following statements 1. It is affected by Earth's rotation and descent of winds from higher altitudes 2. It dynamically induced and characterized with anti-cyclonic conditions. Which of the statement/ statements given above is/are correct"
      },
      "options": [
        {
          "d": {
            "text": "1 only"
          },
          "v": 0
        },
        {
          "d": {
            "text": "2 only"
          },
          "v": 1
        },
        {
          "d": {
            "text": "Both 1 and 2"
          },
          "v": 2
        },
        {
          "d": {
            "text": "Neither 1 nor 2"
          },
          "v": 3
        }
      ],
      "answer": 2,
      "solution": {
        "text": ""
      },
      "comprehension": "",
      "topicId": "5de8f278f2109b7c7646f6b9",
      "__v": 0,
      "disabled": false
    },
    {
      "_id": "5e60bdcadce20326fbfb30c1",
      "matrixSize": {
        "rows": 0,
        "columns": 0
      },
      "tags": [
        "English"
      ],
      "difficulty": "1",
      "assets": [],
      "type": "mcq",
      "partialMarking": false,
      "hasRelatedQuestions": false,
      "childQuestions": [],
      "question": {
        "text": "Consider the following statements: <br>1. Albedo of an object determines its visual brightness when viewed with reflected light. <br>2. Albedo of Mercury is much greater than the albedo of the Earth. <br>Which of the statements given above is/are correct?"
      },
      "options": [
        {
          "d": {
            "text": "1 only"
          },
          "v": 0
        },
        {
          "d": {
            "text": "2 only"
          },
          "v": 1
        },
        {
          "d": {
            "text": "1 and 2 both"
          },
          "v": 2
        },
        {
          "d": {
            "text": "None"
          },
          "v": 3
        }
      ],
      "answer": 0,
      "solution": {
        "text": "Albedo is the fraction of the incident sunlight that is reflected. When an object reflects most of the light that hits it and looks bright then it has high albedo. Albedo of mercury is least among the plants."
      },
      "comprehension": "",
      "topicId": "5de8f278f2109b7c7646f6b9",
      "__v": 0,
      "disabled": false
    },
    {
      "_id": "5e60bdcddce20326fbfb30c4",
      "matrixSize": {
        "rows": 0,
        "columns": 0
      },
      "tags": [
        "English"
      ],
      "difficulty": "2",
      "assets": [],
      "type": "mcq",
      "partialMarking": false,
      "hasRelatedQuestions": false,
      "childQuestions": [],
      "question": {
        "text": "Match list I with List II. <table><b><th>List-I</th><th>List-II   </th></b><tr><td> (A) Fog</td><td> (1) A mass of minute droplets of water or tiny crystals of ice formed by the condensation of water vapour in free air at considerable elevations.</td></tr><tr><td>(B) Cloud  </td><td>(2) Condensation at a dew point which is at or below freezing point. </td></tr><tr><td>(C) White Frost</td><td>(3) Moisture deposited in the form of water droplets on cooler surface of solid objects such as stones, grass blades etc. </td></tr><tr><td> (D) Dew</td><td> (4) A mass of minute droplets of water formed by the condensation of water vapour in free air with its base at or near ground. </td></tr></table>Select the correct option from the codes given below:"
      },
      "options": [
        {
          "d": {
            "text": "A - 4 ; B - 2 ; C - 1 ; D - 3"
          },
          "v": 0
        },
        {
          "d": {
            "text": "A - 3 ; B - 2 ; C - 1 ; D - 4"
          },
          "v": 1
        },
        {
          "d": {
            "text": "A - 3 ; B - 1 ; C - 2 ; D - 4"
          },
          "v": 2
        },
        {
          "d": {
            "text": "A - 4 ; B - 1 ; C - 2 ; D - 3"
          },
          "v": 3
        }
      ],
      "answer": 3,
      "solution": {
        "text": "There are three distinct ways that rain can occur. These methods include orographic rainfall. Convective precipitation is generally more intense, and of shorter duration, than stratiform precipitation. Precipitation can also fall in two phases, either liquid or solid. Liquid forms of precipitation include rain and drizzle. Rain or drizzle which freezes on contact within a subfreezing air mass gains the preceding word of freezing, becoming known as freezing rain or freezing drizzle. Frozen forms of precipitation include snow, ice needles, sleet, hail, and graupel. Intensity is determined either by rate of fall, or by visibility restriction."
      },
      "comprehension": "",
      "topicId": "5de8f278f2109b7c7646f6b9",
      "__v": 0,
      "disabled": false
    },
    {
      "_id": "5e2e88ee155e016e825f983c",
      "matrixSize": {
        "rows": 0,
        "columns": 0
      },
      "tags": [
        "English"
      ],
      "difficulty": "1",
      "assets": [
        "5e2e9cabbbe3856e886f9197"
      ],
      "type": "mcq",
      "partialMarking": false,
      "hasRelatedQuestions": false,
      "childQuestions": [],
      "question": {
        "text": "Match List I with List II and select the correct answer using the code given below :<br> <table><tr><th>List-I(City)</th><th>List-II(River)</th></tr><tr><td>A. Khartoum</td><td>1. Zaire</td></tr><tr><td>B. Brazzaville</td><td>2. Nile</td></tr><tr><td>C. Rotterdam</td><td>3. Seine</td></tr><tr><td>D. Paris</td><td>4. Rhine</td></tr></table>"
      },
      "options": [
        {
          "d": {
            "text": "A-2 B-1 C-4 D-3"
          },
          "v": 0
        },
        {
          "d": {
            "text": "A-1 B-2 C-3 D-4"
          },
          "v": 1
        },
        {
          "d": {
            "text": "A-4 B-3 C-2 D-1"
          },
          "v": 2
        },
        {
          "d": {
            "text": "A-3 B-4 C-1 D-2"
          },
          "v": 3
        }
      ],
      "answer": 0,
      "solution": {
        "text": "The correct match of the city and the river <br>Khartoum-Nile <br>Brazzaville-Zaire <br>Rotterdam-Rhine <br>Paris-Seine"
      },
      "comprehension": "",
      "topicId": "5de8f278f2109b7c7646f6b9",
      "__v": 0,
      "disabled": false
    },
    {
      "_id": "5e2e88e0155e016e825f9828",
      "matrixSize": {
        "rows": 0,
        "columns": 0
      },
      "tags": [
        "English"
      ],
      "difficulty": "1",
      "assets": [],
      "type": "mcq",
      "partialMarking": false,
      "hasRelatedQuestions": false,
      "childQuestions": [],
      "question": {
        "text": "90° E Ridge lies in"
      },
      "options": [
        {
          "d": {
            "text": "Atlantic ocean"
          },
          "v": 0
        },
        {
          "d": {
            "text": "Indian ocean"
          },
          "v": 1
        },
        {
          "d": {
            "text": "Pacific ocean"
          },
          "v": 2
        },
        {
          "d": {
            "text": "Mediterranean ocean"
          },
          "v": 3
        }
      ],
      "answer": 1,
      "solution": {
        "text": "90°E Ridge lies in Indian Ocean. The Ninety East Ridge (also rendered as Ninetyeast Ridge, 90E Ridge or 90°E Ridge) is a linear, age-progressive seamount chain in the Indian Ocean and is named for its near-parallel strike along the 90th meridian, lt is approximately 5,000 kilometres (3,100 mi) in length and can be traced topographically from the Bay of Bengal southward towards the Southeast Indian Ridge (SEIR), though the feature continues to the north where it is hidden beneath the sediments of the Bengal Fan. The ridge extends between latitudes 33°S and 17°N and has an average width of 200 km."
      },
      "comprehension": "",
      "topicId": "5de8f278f2109b7c7646f6b9",
      "__v": 0,
      "disabled": false
    },
    {
      "_id": "5e2e88e1155e016e825f9829",
      "matrixSize": {
        "rows": 0,
        "columns": 0
      },
      "tags": [
        "English"
      ],
      "difficulty": "1",
      "assets": [],
      "type": "mcq",
      "partialMarking": false,
      "hasRelatedQuestions": false,
      "childQuestions": [],
      "question": {
        "text": "The inter section point of the Prime Meridian and the Equator lies in"
      },
      "options": [
        {
          "d": {
            "text": "Atlantic ocean"
          },
          "v": 0
        },
        {
          "d": {
            "text": "Ghana"
          },
          "v": 1
        },
        {
          "d": {
            "text": "Morocco"
          },
          "v": 2
        },
        {
          "d": {
            "text": "Pacific ocean"
          },
          "v": 3
        }
      ],
      "answer": 0,
      "solution": {
        "text": "The Intersection point of the Prime Meridian and the Equator lies in Gulf of Guinea which is located in the middle of the Atlantic Ociean."
      },
      "comprehension": "",
      "topicId": "5de8f278f2109b7c7646f6b9",
      "__v": 0,
      "disabled": false
    },
    {
      "_id": "5e2e88e9155e016e825f9836",
      "matrixSize": {
        "rows": 0,
        "columns": 0
      },
      "tags": [
        "English"
      ],
      "difficulty": "1",
      "assets": [],
      "type": "mcq",
      "partialMarking": false,
      "hasRelatedQuestions": false,
      "childQuestions": [],
      "question": {
        "text": "Which one of the following is a landlocked country?"
      },
      "options": [
        {
          "d": {
            "text": "Belgium"
          },
          "v": 0
        },
        {
          "d": {
            "text": "Hungary"
          },
          "v": 1
        },
        {
          "d": {
            "text": "Rumania"
          },
          "v": 2
        },
        {
          "d": {
            "text": "Ukraine "
          },
          "v": 3
        }
      ],
      "answer": 1,
      "solution": {
        "text": "Hungary is one of the landlocked countries in the world. This Central European nation is surrounded by Slovakia, Slovenia. Romania. Serbia, Croatia and Ukraine."
      },
      "comprehension": "",
      "topicId": "5de8f278f2109b7c7646f6b9",
      "__v": 0,
      "disabled": false
    },
    {
      "_id": "5e2e88eb155e016e825f9838",
      "matrixSize": {
        "rows": 0,
        "columns": 0
      },
      "tags": [
        "English"
      ],
      "difficulty": "1",
      "assets": [],
      "type": "mcq",
      "partialMarking": false,
      "hasRelatedQuestions": false,
      "childQuestions": [],
      "question": {
        "text": "Which of the following countries does not form border with the Caspian Sea?"
      },
      "options": [
        {
          "d": {
            "text": "Azerbaijan"
          },
          "v": 0
        },
        {
          "d": {
            "text": "lran"
          },
          "v": 1
        },
        {
          "d": {
            "text": "Iraq"
          },
          "v": 2
        },
        {
          "d": {
            "text": "Kazakhstan"
          },
          "v": 3
        }
      ],
      "answer": 2,
      "solution": {
        "text": "The countries which forms border with Caspian Sea includes Azerbaijan, Iran, Turkmenistan, Kazakhstan etc. Iraq does not form border with Caspian Sea."
      },
      "comprehension": "",
      "topicId": "5de8f278f2109b7c7646f6b9",
      "__v": 0,
      "disabled": false
    },
    {
      "_id": "5e2e88f1155e016e825f9841",
      "matrixSize": {
        "rows": 0,
        "columns": 0
      },
      "tags": [
        "English"
      ],
      "difficulty": "1",
      "assets": [],
      "type": "mcq",
      "partialMarking": false,
      "hasRelatedQuestions": false,
      "childQuestions": [],
      "question": {
        "text": "Which one of the following is the driest desert of the world?"
      },
      "options": [
        {
          "d": {
            "text": "Atacama"
          },
          "v": 0
        },
        {
          "d": {
            "text": "Gobi"
          },
          "v": 1
        },
        {
          "d": {
            "text": "Sahara"
          },
          "v": 2
        },
        {
          "d": {
            "text": "Kalahari"
          },
          "v": 3
        }
      ],
      "answer": 0,
      "solution": {
        "text": "Atacama is the driest desert of the world. It is in the territorial region of Chile."
      },
      "comprehension": "",
      "topicId": "5de8f278f2109b7c7646f6b9",
      "__v": 0,
      "disabled": false
    },
    {
      "_id": "5e2e88e3155e016e825f982d",
      "matrixSize": {
        "rows": 0,
        "columns": 0
      },
      "tags": [
        "English"
      ],
      "difficulty": "1",
      "assets": [],
      "type": "mcq",
      "partialMarking": false,
      "hasRelatedQuestions": false,
      "childQuestions": [],
      "question": {
        "text": "Which of the following two countries are separated by the 49th parallel?"
      },
      "options": [
        {
          "d": {
            "text": "France and Germany"
          },
          "v": 0
        },
        {
          "d": {
            "text": "USA and Canada"
          },
          "v": 1
        },
        {
          "d": {
            "text": "North Korea and South Korea"
          },
          "v": 2
        },
        {
          "d": {
            "text": "Mexico and USA"
          },
          "v": 3
        }
      ],
      "answer": 1,
      "solution": {
        "text": "It is the boundary between USA and Canada."
      },
      "comprehension": "",
      "topicId": "5de8f278f2109b7c7646f6b9",
      "__v": 0,
      "disabled": false
    },
    {
      "_id": "5e2e88ed155e016e825f983b",
      "matrixSize": {
        "rows": 0,
        "columns": 0
      },
      "tags": [
        "English"
      ],
      "difficulty": "1",
      "assets": [],
      "type": "mcq",
      "partialMarking": false,
      "hasRelatedQuestions": false,
      "childQuestions": [],
      "question": {
        "text": "Which of the following groups of countries share border with Israel?"
      },
      "options": [
        {
          "d": {
            "text": "Lebanon, Syria, Jordan, Egypt"
          },
          "v": 0
        },
        {
          "d": {
            "text": "Egypt, Turkey, Jordan, Cyprus"
          },
          "v": 1
        },
        {
          "d": {
            "text": "Lebanon, Syria, Turkey, Jordan"
          },
          "v": 2
        },
        {
          "d": {
            "text": "Turkey, Syria, Iraq, Yemen"
          },
          "v": 3
        }
      ],
      "answer": 0,
      "solution": {
        "text": "Leabanon, Syria, Jordan and Egypt forms borders with Israel. Israel is located on the southeastern shore of the Mediterranean Sea and the northern shore of the Red Sea."
      },
      "comprehension": "",
      "topicId": "5de8f278f2109b7c7646f6b9",
      "__v": 0,
      "disabled": false
    },
    {
      "_id": "5e60bdcad8aa1a2446cd4116",
      "matrixSize": {
        "rows": 0,
        "columns": 0
      },
      "tags": [
        "English"
      ],
      "difficulty": "1",
      "assets": [],
      "type": "mcq",
      "partialMarking": false,
      "hasRelatedQuestions": false,
      "childQuestions": [],
      "question": {
        "text": "Consider the following statements regarding asteroids: <br>1. Asteroids are rocky debris of varying size orbiting the sun. <br>2. Most of the asteroids are small but some have diameter as large and 1000 km. <br>3. The orbit of asteroids lies between the orbits of Jupiter and Saturn. <br>Of these statements:"
      },
      "options": [
        {
          "d": {
            "text": "1, 2 and 3"
          },
          "v": 0
        },
        {
          "d": {
            "text": "2 and 3"
          },
          "v": 1
        },
        {
          "d": {
            "text": "1 and 2"
          },
          "v": 2
        },
        {
          "d": {
            "text": "1 and 3"
          },
          "v": 3
        }
      ],
      "answer": 2,
      "solution": {
        "text": "The asteroids are group of small pieces of rocky debris of different sizes. Some asteroids are small and some asteroids even have diameter 1000 km. The asteroids revolve between Mars and Jupiter."
      },
      "comprehension": "",
      "topicId": "5de8f278f2109b7c7646f6b9",
      "__v": 0,
      "disabled": false
    },
    {
      "_id": "5e2e88f1155e016e825f9840",
      "matrixSize": {
        "rows": 0,
        "columns": 0
      },
      "tags": [
        "English"
      ],
      "difficulty": "1",
      "assets": [],
      "type": "mcq",
      "partialMarking": false,
      "hasRelatedQuestions": false,
      "childQuestions": [],
      "question": {
        "text": "Taklamakan Desert is situated in"
      },
      "options": [
        {
          "d": {
            "text": "Western Asia"
          },
          "v": 0
        },
        {
          "d": {
            "text": "Southern fringe of Sahara in Africa"
          },
          "v": 1
        },
        {
          "d": {
            "text": "South America"
          },
          "v": 2
        },
        {
          "d": {
            "text": "Central Asia"
          },
          "v": 3
        }
      ],
      "answer": 3,
      "solution": {
        "text": "Taklamakan desert is situated in Central Asia (northwest China)."
      },
      "comprehension": "",
      "topicId": "5de8f278f2109b7c7646f6b9",
      "__v": 0,
      "disabled": false
    },
    {
      "_id": "5e60bdce7aae84262a9c26b4",
      "matrixSize": {
        "rows": 0,
        "columns": 0
      },
      "tags": [
        "English"
      ],
      "difficulty": "2",
      "assets": [],
      "type": "mcq",
      "partialMarking": false,
      "hasRelatedQuestions": false,
      "childQuestions": [],
      "question": {
        "text": "Consider the following statements: <br>1. A valley glacier consists of not only ice but rocks also. <br>2. The largest valley glaciers in India are in the Karakoram range. <br>3. Mountain glaciers can dig new valleys. <br>Which of the statements given above is/are correct?"
      },
      "options": [
        {
          "d": {
            "text": "1 only"
          },
          "v": 0
        },
        {
          "d": {
            "text": "1 and 2"
          },
          "v": 1
        },
        {
          "d": {
            "text": "2 and 3"
          },
          "v": 2
        },
        {
          "d": {
            "text": "1, 2 and 3"
          },
          "v": 3
        }
      ],
      "answer": 3,
      "solution": {
        "text": "A glacier is a persistent body of dense ice that is constantly moving under its own weight; it forms where the accumulation of snow exceeds its ablation (melting and sublimation) over many years, often centuries. Glaciers slowly deform and flow due to stresses induced by their weight, creating crevasses, They also abrade rock and debris from their substrate to create landforms such as cirques and moraines. Glaciers form only on land and are distinct from the much thinner sea ice and lake ice that form on the surface of bodies of water."
      },
      "comprehension": "",
      "topicId": "5de8f278f2109b7c7646f6b9",
      "__v": 0,
      "disabled": false
    },
    {
      "_id": "5e60bdca7aae84262a9c26af",
      "matrixSize": {
        "rows": 0,
        "columns": 0
      },
      "tags": [
        "English"
      ],
      "difficulty": "2",
      "assets": [],
      "type": "mcq",
      "partialMarking": false,
      "hasRelatedQuestions": false,
      "childQuestions": [],
      "question": {
        "text": "Which of the following are correct? <br>1. In the behaviour of earthquake waves, we study only three types of waves and they are ‘S’ - Surface waves, ‘L' - Longitudinal waves and ‘P' transverse. <br>2. The velocity of P - waves and S - waves increase with the depth throughout. <br>3. L - waves do not pass through the mantle because it is a liquid layer. <br>4. S - waves persists only to surface and do not penetrate deep into earth. <br>Select the correct answer from the codes given below:"
      },
      "options": [
        {
          "d": {
            "text": "2 and 4"
          },
          "v": 0
        },
        {
          "d": {
            "text": "1 and 3"
          },
          "v": 1
        },
        {
          "d": {
            "text": "1, 2, 3 and 4"
          },
          "v": 2
        },
        {
          "d": {
            "text": "None"
          },
          "v": 3
        }
      ],
      "answer": 3,
      "solution": {
        "text": "Seismic waves are waves of energy that travel through the Earth's layers, and are a result of an earthquake, explosion, or a volcano that imparts low-frequency acoustic energy. Many other natural and anthropogenic sources create low amplitude waves commonly referred to as ambient vibrations. Seismic waves are studied by geophysicists called seismologists. Seismic wave fields are recorded by a seismometer, hydrophone (in water), or accelerometer."
      },
      "comprehension": "",
      "topicId": "5de8f278f2109b7c7646f6b9",
      "__v": 0,
      "disabled": false
    },
    {
      "_id": "5e60bdccdce20326fbfb30c3",
      "matrixSize": {
        "rows": 0,
        "columns": 0
      },
      "tags": [
        "English"
      ],
      "difficulty": "2",
      "assets": [],
      "type": "mcq",
      "partialMarking": false,
      "hasRelatedQuestions": false,
      "childQuestions": [],
      "question": {
        "text": "Consider the following statements about the ‘Roaring Forties': <br>1. They blow uninterrupted in the northern and Southern Hemispheres. <br>2. They blow with great strength and constancy. <br>3. Their direction is generally from north-west to east in the Southern Hemisphere. <br>4. Overcast skies, rain and raw weather are generally associated with them. <br>Which of these statements are correct?"
      },
      "options": [
        {
          "d": {
            "text": "1, 2 and 3"
          },
          "v": 0
        },
        {
          "d": {
            "text": "2, 3 and 4"
          },
          "v": 1
        },
        {
          "d": {
            "text": "1, 3 and 4"
          },
          "v": 2
        },
        {
          "d": {
            "text": "1, 2 and 4"
          },
          "v": 3
        }
      ],
      "answer": 1,
      "solution": {
        "text": "The Roaring forties blows in 40°S to 50°S, this wind blows only in south hemisphere because there is limited land mass to slow them down. It is a strong wind in South Indian Ocean."
      },
      "comprehension": "",
      "topicId": "5de8f278f2109b7c7646f6b9",
      "__v": 0,
      "disabled": false
    },
    {
      "_id": "5e2e88e7155e016e825f9832",
      "matrixSize": {
        "rows": 0,
        "columns": 0
      },
      "tags": [
        "English"
      ],
      "difficulty": "2",
      "assets": [],
      "type": "mcq",
      "partialMarking": false,
      "hasRelatedQuestions": false,
      "childQuestions": [],
      "question": {
        "text": "Statement I : El Nino is a temperature rising phenomenon over the Pacific Ocean and usually causes dry monsoon in South Asia. <br>Statement II : Tsunamis are usually not noticed as the massive ocean waves move silently but assume destructive form as these travel through shallow waters of continental shelves."
      },
      "options": [
        {
          "d": {
            "text": "Both the statement are individually true and statement II is the correct explanation of statement I."
          },
          "v": 0
        },
        {
          "d": {
            "text": "Both the statement are individually true, but statement II is not the correct explanation of statement I"
          },
          "v": 1
        },
        {
          "d": {
            "text": "Statement I is true, but Statement II is false."
          },
          "v": 2
        },
        {
          "d": {
            "text": "Statement I is false, but Statement II is true."
          },
          "v": 3
        }
      ],
      "answer": 0,
      "solution": {
        "text": ""
      },
      "comprehension": "",
      "topicId": "5de8f278f2109b7c7646f6b9",
      "__v": 0,
      "disabled": false
    },
    {
      "_id": "5e2e88da155e016e825f9820",
      "matrixSize": {
        "rows": 0,
        "columns": 0
      },
      "tags": [
        "English"
      ],
      "difficulty": "2",
      "assets": [],
      "type": "mcq",
      "partialMarking": false,
      "hasRelatedQuestions": false,
      "childQuestions": [],
      "question": {
        "text": "Consider the following statements:<br>1. The axis of the Earth’s magnetic field is inclined at {tex}23(\\frac {1}{2}) \\degree {/tex} to the geographic axis of the Earth.<br>2. The Earth’s magnetic pole in the Northern hemisphere is located on a peninsula in Northern Canada.<br>3. Earth’s magnetic equator passes through Thumba in South India. Which of the statement(s) given above is/are correct?"
      },
      "options": [
        {
          "d": {
            "text": "2 only"
          },
          "v": 0
        },
        {
          "d": {
            "text": "1 and 2 only"
          },
          "v": 1
        },
        {
          "d": {
            "text": "2 and 3 only"
          },
          "v": 2
        },
        {
          "d": {
            "text": "1, 2 and 3"
          },
          "v": 3
        }
      ],
      "answer": 2,
      "solution": {
        "text": "The angle at which the magnetic field lines intersect the surface of the earth. This angle ranges from 0 degrees at the equator to 90 degrees at the poles. Intensity: The magnetic field also varies in strength over the earth’s surface, It is strongest at the poles and weakest at the equator."
      },
      "comprehension": "",
      "topicId": "5de8f278f2109b7c7646f6b9",
      "__v": 0,
      "disabled": false
    },
    {
      "_id": "5e60bdcfdce20326fbfb30c6",
      "matrixSize": {
        "rows": 0,
        "columns": 0
      },
      "tags": [
        "English"
      ],
      "difficulty": null,
      "assets": [],
      "type": "mcq",
      "partialMarking": false,
      "hasRelatedQuestions": false,
      "childQuestions": [],
      "question": {
        "text": "Which one of the following has evergreen forest: <br>1. Malwa Plateau <br>2. Western Ghat <br>3. Eastern Ghat <br>4. Chotnojpur Plateau Codes:"
      },
      "options": [
        {
          "d": {
            "text": "1 and 2"
          },
          "v": 0
        },
        {
          "d": {
            "text": "2 and 3"
          },
          "v": 1
        },
        {
          "d": {
            "text": "2 and 4"
          },
          "v": 2
        },
        {
          "d": {
            "text": "1 and 3"
          },
          "v": 3
        }
      ],
      "answer": 1,
      "solution": {
        "text": "Both eastern and western ghats of India is covered by evergreen forests as the areas receive near about 250 cm rainfall per year."
      },
      "comprehension": "",
      "topicId": "5de8f278f2109b7c7646f6b9",
      "__v": 0,
      "disabled": false
    },
    {
      "_id": "5e2e88e8155e016e825f9834",
      "matrixSize": {
        "rows": 0,
        "columns": 0
      },
      "tags": [
        "English"
      ],
      "difficulty": "1",
      "assets": [],
      "type": "mcq",
      "partialMarking": false,
      "hasRelatedQuestions": false,
      "childQuestions": [],
      "question": {
        "text": "The equatorial circumference of the Earth is nearly—"
      },
      "options": [
        {
          "d": {
            "text": "31,000 km"
          },
          "v": 0
        },
        {
          "d": {
            "text": "40,000 km"
          },
          "v": 1
        },
        {
          "d": {
            "text": "50,000 km"
          },
          "v": 2
        },
        {
          "d": {
            "text": "64,000 km"
          },
          "v": 3
        }
      ],
      "answer": 1,
      "solution": {
        "text": "The equitorial Circumference of the Earth is nearly 40,000 km."
      },
      "comprehension": "",
      "topicId": "5de8f278f2109b7c7646f6b9",
      "__v": 0,
      "disabled": false
    },
    {
      "_id": "5e2e88db155e016e825f9821",
      "matrixSize": {
        "rows": 0,
        "columns": 0
      },
      "tags": [
        "English"
      ],
      "difficulty": "1",
      "assets": [],
      "type": "mcq",
      "partialMarking": false,
      "hasRelatedQuestions": false,
      "childQuestions": [],
      "question": {
        "text": "Which one of the following is the correct sequence of the descending order of the latitudinal zones of ocean salinity? Use the codes given below to select the correct answer:<br>1. 10°N — 15°N<br>2. 15°N — 40°N<br>3. 40°N — 50°N<br>4. 50°N — 70°N "
      },
      "options": [
        {
          "d": {
            "text": "1,3, 2,4"
          },
          "v": 0
        },
        {
          "d": {
            "text": "2, 1,3,4"
          },
          "v": 1
        },
        {
          "d": {
            "text": "2, 1,4,3"
          },
          "v": 2
        },
        {
          "d": {
            "text": "1,4, 3, 2"
          },
          "v": 3
        }
      ],
      "answer": 1,
      "solution": {
        "text": "(15°N - 40° N > 10° N - 15° N > 40° N - 50° N > 50° N - 70° N)"
      },
      "comprehension": "",
      "topicId": "5de8f278f2109b7c7646f6b9",
      "__v": 0,
      "disabled": false
    },
    {
      "_id": "5e2e88e5155e016e825f982f",
      "matrixSize": {
        "rows": 0,
        "columns": 0
      },
      "tags": [
        "English"
      ],
      "difficulty": "1",
      "assets": [],
      "type": "mcq",
      "partialMarking": false,
      "hasRelatedQuestions": false,
      "childQuestions": [],
      "question": {
        "text": "Which continent of the world does not have a desert?"
      },
      "options": [
        {
          "d": {
            "text": "Australia"
          },
          "v": 0
        },
        {
          "d": {
            "text": "Europe"
          },
          "v": 1
        },
        {
          "d": {
            "text": "Asia"
          },
          "v": 2
        },
        {
          "d": {
            "text": "North America"
          },
          "v": 3
        }
      ],
      "answer": 1,
      "solution": {
        "text": "Europe does not have a desert. It has Accona desert- a semi-desert in central Italy."
      },
      "comprehension": "",
      "topicId": "5de8f278f2109b7c7646f6b9",
      "__v": 0,
      "disabled": false
    },
    {
      "_id": "5e2e88d9155e016e825f981e",
      "matrixSize": {
        "rows": 0,
        "columns": 0
      },
      "tags": [
        "English"
      ],
      "difficulty": "1",
      "assets": [],
      "type": "mcq",
      "partialMarking": false,
      "hasRelatedQuestions": false,
      "childQuestions": [],
      "question": {
        "text": "The continent through which both the tropic of cancer and the Tropic of capricorn pass is"
      },
      "options": [
        {
          "d": {
            "text": "North America"
          },
          "v": 0
        },
        {
          "d": {
            "text": "Asia"
          },
          "v": 1
        },
        {
          "d": {
            "text": "Africa"
          },
          "v": 2
        },
        {
          "d": {
            "text": "Europe"
          },
          "v": 3
        }
      ],
      "answer": 2,
      "solution": {
        "text": "Tropic of cancer. Tropic of Capricorn as well as equator pass through the Africa."
      },
      "comprehension": "",
      "topicId": "5de8f278f2109b7c7646f6b9",
      "__v": 0,
      "disabled": false
    },
    {
      "_id": "5e2e88e7155e016e825f9833",
      "matrixSize": {
        "rows": 0,
        "columns": 0
      },
      "tags": [
        "English"
      ],
      "difficulty": "2",
      "assets": [],
      "type": "mcq",
      "partialMarking": false,
      "hasRelatedQuestions": false,
      "childQuestions": [],
      "question": {
        "text": "Assertion (A) : Maps that are usually referring various attributes information are called complex Thematic maps. <br>Reason (R) : Complex Thematic Maps are used to show locations of earth’s different features and activities. "
      },
      "options": [
        {
          "d": {
            "text": "Both (A) and (R) are true and (R) is the correct explanation of (A)"
          },
          "v": 0
        },
        {
          "d": {
            "text": "Both (A) and (R) are true, but (R) is not the correct explanation of (A)"
          },
          "v": 1
        },
        {
          "d": {
            "text": "(A) is true, but (R) is false"
          },
          "v": 2
        },
        {
          "d": {
            "text": "(A) is false, but (R) is true"
          },
          "v": 3
        }
      ],
      "answer": 1,
      "solution": {
        "text": "Maps that are usually referring various attributes information are called complex thematic maps and are used to show locations of earth’s different features and activities."
      },
      "comprehension": "",
      "topicId": "5de8f278f2109b7c7646f6b9",
      "__v": 0,
      "disabled": false
    },
    {
      "_id": "5e2e88ec155e016e825f9839",
      "matrixSize": {
        "rows": 0,
        "columns": 0
      },
      "tags": [
        "English"
      ],
      "difficulty": "1",
      "assets": [],
      "type": "mcq",
      "partialMarking": false,
      "hasRelatedQuestions": false,
      "childQuestions": [],
      "question": {
        "text": "Palk Strait is located between"
      },
      "options": [
        {
          "d": {
            "text": "India and Pakistan"
          },
          "v": 0
        },
        {
          "d": {
            "text": "India and Bangladesh"
          },
          "v": 1
        },
        {
          "d": {
            "text": "India and SriLanka"
          },
          "v": 2
        },
        {
          "d": {
            "text": "India and Maldives"
          },
          "v": 3
        }
      ],
      "answer": 2,
      "solution": {
        "text": "The Palk Strait is 64 to 137 km wide, 137 km long, and less than 100 m deep strait that connects the Bay of Bengal in the northeast with the Palk Bay and connects the Palk bay to Gulf of Mannar in the Southwest. Palk Strait is located between southeastern part of India and northern part of Sri Lanka."
      },
      "comprehension": "",
      "topicId": "5de8f278f2109b7c7646f6b9",
      "__v": 0,
      "disabled": false
    },
    {
      "_id": "5e2e88da155e016e825f981f",
      "matrixSize": {
        "rows": 0,
        "columns": 0
      },
      "tags": [
        "English"
      ],
      "difficulty": "1",
      "assets": [],
      "type": "mcq",
      "partialMarking": false,
      "hasRelatedQuestions": false,
      "childQuestions": [],
      "question": {
        "text": "Consider the following statements and select the correct answer using the codes given below: <br>Assertion (A): The length of the day at the equator is always 12 hours. <br>Reason (R):The angle of incidence of the Sun’s rays at the equator is constant."
      },
      "options": [
        {
          "d": {
            "text": "Both A and R are true and R is the correct explanation of A."
          },
          "v": 0
        },
        {
          "d": {
            "text": "Both A and R are true, but R is not the correct explanation of A."
          },
          "v": 1
        },
        {
          "d": {
            "text": "A is true, but R is false."
          },
          "v": 2
        },
        {
          "d": {
            "text": "A is false, but R is true."
          },
          "v": 3
        }
      ],
      "answer": 0,
      "solution": {
        "text": "The length of the day at equator is always 12 hrs as the angle of incidence of the Sun’s rays at the equator is constant."
      },
      "comprehension": "",
      "topicId": "5de8f278f2109b7c7646f6b9",
      "__v": 0,
      "disabled": false
    },
    {
      "_id": "5e60bdcfdce20326fbfb30c7",
      "matrixSize": {
        "rows": 0,
        "columns": 0
      },
      "tags": [
        "English"
      ],
      "difficulty": "1",
      "assets": [],
      "type": "mcq",
      "partialMarking": false,
      "hasRelatedQuestions": false,
      "childQuestions": [],
      "question": {
        "text": "Starting from the best quality of iron ore, Which one of the following is the correct sequence of the iron ore based on the contents of pure iron?"
      },
      "options": [
        {
          "d": {
            "text": "Magnetite - Hematite - Limonite - Siderite"
          },
          "v": 0
        },
        {
          "d": {
            "text": "Hematite - Magnetite - Limonite - Siderite"
          },
          "v": 1
        },
        {
          "d": {
            "text": "Magnetite - Hematite - Siderite - Limonite"
          },
          "v": 2
        },
        {
          "d": {
            "text": "Hematite - Magnetite - Siderite - Limonite"
          },
          "v": 3
        }
      ],
      "answer": 0,
      "solution": {
        "text": "The best quality iron are is Magnetic with 72.36% iron followed by Hemititc with 69.94%, Sideritic with 48.20% and Limentic 36.80%."
      },
      "comprehension": "",
      "topicId": "5de8f278f2109b7c7646f6b9",
      "__v": 0,
      "disabled": false
    },
    {
      "_id": "5e60bdcbdce20326fbfb30c2",
      "matrixSize": {
        "rows": 0,
        "columns": 0
      },
      "tags": [
        "English"
      ],
      "difficulty": "2",
      "assets": [],
      "type": "mcq",
      "partialMarking": false,
      "hasRelatedQuestions": false,
      "childQuestions": [],
      "question": {
        "text": "Earthquakes are important in landform studies because they can trigger catastrophic events like <br>1. Landslides and mudflows <br>2. Glacier surges <br>3. Tsunamis causing damage and shoreline changes  <br>Select the correct answer from the codes given below."
      },
      "options": [
        {
          "d": {
            "text": "1, 2 and 3"
          },
          "v": 0
        },
        {
          "d": {
            "text": "3 only"
          },
          "v": 1
        },
        {
          "d": {
            "text": "1 and 2"
          },
          "v": 2
        },
        {
          "d": {
            "text": "1 and 3"
          },
          "v": 3
        }
      ],
      "answer": 0,
      "solution": {
        "text": "Earthquakes are important in landform studies because they can trigger off catastrophic events in erosion processes. These include large-scale landslides and mud flows. A number of spectacular glacier surges have been observed in Alaska, and some are thought to be associated with earthquakes. Tsunamis are seismic sea waves, which can arrive at coasts with great force, causing considerable damage and shoreline changes."
      },
      "comprehension": "",
      "topicId": "5de8f278f2109b7c7646f6b9",
      "__v": 0,
      "disabled": false
    },
    {
      "_id": "5e60bdcd7aae84262a9c26b2",
      "matrixSize": {
        "rows": 0,
        "columns": 0
      },
      "tags": [
        "English"
      ],
      "difficulty": "2",
      "assets": [],
      "type": "mcq",
      "partialMarking": false,
      "hasRelatedQuestions": false,
      "childQuestions": [],
      "question": {
        "text": "Which of the following statements are true with regard to trophical monsoon climate? <br>1. Temperatures range from 32°C in the hot season to about 15°C in the cool season. <br>2. Annual rainfall varies greatly. <br>3. The climate is best developed in the southern continents. <br>4. It consists of three main seasons, i.e., cool, dry season; hot, dry season; hot, wet season. <br>Choose the correct option:"
      },
      "options": [
        {
          "d": {
            "text": "1 and 4"
          },
          "v": 0
        },
        {
          "d": {
            "text": "2, 3 and 4"
          },
          "v": 1
        },
        {
          "d": {
            "text": "2 and 3"
          },
          "v": 2
        },
        {
          "d": {
            "text": "1, 2 and 4"
          },
          "v": 3
        }
      ],
      "answer": 3,
      "solution": {
        "text": "Tropical monsoon climates have monthly mean temperatures above 18 °C in every month of the year and feature wet and dry seasons, as Tropical savanna climates do. Unlike tropical savanna climates however, a tropical monsoon climate’s driest month sees less than 60 mm of precipitation but more than (100 - [total annual precipitation {mm}/25]). Also a tropical monsoon climate tends to see less variance in temperatures during the course of the year than a tropical savanna climate. This climate has a driest month which nearly always occurs at or soon after the “winter” solstice for that side of the equator."
      },
      "comprehension": "",
      "topicId": "5de8f278f2109b7c7646f6b9",
      "__v": 0,
      "disabled": false
    },
    {
      "_id": "5e60bdced8aa1a2446cd411c",
      "matrixSize": {
        "rows": 0,
        "columns": 0
      },
      "tags": [
        "English"
      ],
      "difficulty": null,
      "assets": [],
      "type": "mcq",
      "partialMarking": false,
      "hasRelatedQuestions": false,
      "childQuestions": [],
      "question": {
        "text": "Consider the following statements: <br>Andhra Pradesh is one of the leading producers of rice because <br>1. It has fertile alluvial soil in the coastal plain. <br>2. It receives about 125 cm of rainfall per annum in the coastal tract. <br>3. It has a lot of tank irrigation in the coastal plain. <br>Of these statements:"
      },
      "options": [
        {
          "d": {
            "text": "1, 2 and 3"
          },
          "v": 0
        },
        {
          "d": {
            "text": "1 and 2"
          },
          "v": 1
        },
        {
          "d": {
            "text": "2 and 3"
          },
          "v": 2
        },
        {
          "d": {
            "text": "1 and 3"
          },
          "v": 3
        }
      ],
      "answer": 1,
      "solution": {
        "text": "Andhra Pradesh is an exporter of many agricultural products and is also known as Rice Bowl of India. Four important rivers of India, the Godavari, Krishna, Penna, and Thungabhadra flow through the state, providing irrigation. Besides rice, farmers of this state also grow wheat, jowar, bajra, maize, minor millet, coarse grain, many varieties of pulses, oil seeds, sugarcane, cotton, Chili pepper, mango nuts and tobacco."
      },
      "comprehension": "",
      "topicId": "5de8f278f2109b7c7646f6b9",
      "__v": 0,
      "disabled": false
    },
    {
      "_id": "5e2e88ef155e016e825f983e",
      "matrixSize": {
        "rows": 0,
        "columns": 0
      },
      "tags": [
        "English"
      ],
      "difficulty": null,
      "assets": [],
      "type": "mcq",
      "partialMarking": false,
      "hasRelatedQuestions": false,
      "childQuestions": [],
      "question": {
        "text": "Which one of the following islands is the largest?"
      },
      "options": [
        {
          "d": {
            "text": "Borneo"
          },
          "v": 0
        },
        {
          "d": {
            "text": "Madagascar"
          },
          "v": 1
        },
        {
          "d": {
            "text": "New Guinea"
          },
          "v": 2
        },
        {
          "d": {
            "text": "Sumatra"
          },
          "v": 3
        }
      ],
      "answer": 0,
      "solution": {
        "text": ""
      },
      "comprehension": "",
      "topicId": "5de8f278f2109b7c7646f6b9",
      "__v": 0,
      "disabled": false
    },
    {
      "_id": "5e5e1452d0e966767d8c404d",
      "matrixSize": {
        "rows": 0,
        "columns": 0
      },
      "tags": [
        "English"
      ],
      "difficulty": null,
      "assets": [],
      "type": "mcq",
      "partialMarking": false,
      "hasRelatedQuestions": false,
      "childQuestions": [],
      "question": {
        "text": "Consider the following statements:  1. Human Geography covers all those aspects of Geography which are not directly concerned with Physical Geography. 2. Human Geography is the study of interrelationship between human beings and their environment. 3. Human Geography deals with the description and explanation of human phenomena around the variable earth surface. 4. Human Geography does not cover technical matters of Cartography. Which of the above statements are correct?"
      },
      "options": [
        {
          "d": {
            "text": "1 and 2"
          },
          "v": 0
        },
        {
          "d": {
            "text": "2 and 3"
          },
          "v": 1
        },
        {
          "d": {
            "text": "Only 3"
          },
          "v": 2
        },
        {
          "d": {
            "text": "1,2,3 & 4"
          },
          "v": 3
        }
      ],
      "answer": 2,
      "solution": {
        "text": ""
      },
      "comprehension": "",
      "topicId": "5de8f278f2109b7c7646f6b9",
      "__v": 0,
      "disabled": false
    },
    {
      "_id": "5e5e1451d0e966767d8c404c",
      "matrixSize": {
        "rows": 0,
        "columns": 0
      },
      "tags": [
        "English"
      ],
      "difficulty": null,
      "assets": [],
      "type": "mcq",
      "partialMarking": false,
      "hasRelatedQuestions": false,
      "childQuestions": [],
      "question": {
        "text": "Consider the following rivers : 1. Barak 2. Lohit 3. Subansiri Which of the above flows/flow through Arunachal Pradesh?"
      },
      "options": [
        {
          "d": {
            "text": "1 only"
          },
          "v": 0
        },
        {
          "d": {
            "text": "2 and 3 only"
          },
          "v": 1
        },
        {
          "d": {
            "text": "1 and 3 only"
          },
          "v": 2
        },
        {
          "d": {
            "text": "1,2 and 3"
          },
          "v": 3
        }
      ],
      "answer": 1,
      "solution": {
        "text": "Rivers Lohit and Subansiri flow through Arunachal Pradesh. River Barak flows in south Assam."
      },
      "comprehension": "",
      "topicId": "5de8f278f2109b7c7646f6b9",
      "__v": 0,
      "disabled": false
    },
    {
      "_id": "5e5e1452d0d34f76774564a1",
      "matrixSize": {
        "rows": 0,
        "columns": 0
      },
      "tags": [
        "English"
      ],
      "difficulty": null,
      "assets": [],
      "type": "mcq",
      "partialMarking": false,
      "hasRelatedQuestions": false,
      "childQuestions": [],
      "question": {
        "text": "Assertion (A): In contemporary geography, there is an increasing awareness of the need for an interdisciplinary approach to the regional problems. Reason (R): Groups of scholars with diverse backgrounds   and skills focus on specific sets of regional problems  more comprehensively and scientifically."
      },
      "options": [
        {
          "d": {
            "text": "Both A and R are individually true and R is the correct explanation of A"
          },
          "v": 0
        },
        {
          "d": {
            "text": "Both A and R are individually true but R is not the correct explanation of A"
          },
          "v": 1
        },
        {
          "d": {
            "text": "A is true but R is false"
          },
          "v": 2
        },
        {
          "d": {
            "text": "A is false but R is true"
          },
          "v": 3
        }
      ],
      "answer": 0,
      "solution": {
        "text": ""
      },
      "comprehension": "",
      "topicId": "5de8f278f2109b7c7646f6b9",
      "__v": 0,
      "disabled": false
    },
    {
      "_id": "5eac0abf8117d94fbb54c4bd",
      "matrixSize": {
        "rows": 0,
        "columns": 0
      },
      "tags": [],
      "difficulty": "2",
      "assets": [],
      "type": "mcq",
      "partialMarking": false,
      "hasRelatedQuestions": false,
      "childQuestions": [],
      "question": {
        "text": "Consider the following statements about 'Brahmaputra Plain':<br>1. The region is surrounded by high mountains from all the sides.<br>2. It is a depositional and fertile alluvial plain.<br>3. The right bank tributaries of Brahmaputra forms dendritic pattern of drainage.<br>Which of the given above statement(s) is/are correct?"
      },
      "options": [
        {
          "d": {
            "text": "1 only"
          },
          "v": 0
        },
        {
          "d": {
            "text": "2 only"
          },
          "v": 1
        },
        {
          "d": {
            "text": "1 and 3 only"
          },
          "v": 2
        },
        {
          "d": {
            "text": "2 and 3 only"
          },
          "v": 3
        }
      ],
      "answer": 1,
      "solution": {
        "text": "Statement 1 is incorrect: The Brahmaputra plain stretching over an area of about 56,275 sq km, it is the eastern part of the Great Plains of India. It is about 720 km long and about 80 km wide. The region is surrounded by high mountains on all sides, except on the West. <br>Statement 2 is correct: It is a depositional plain. The river valley has fertile alluvial plain which is conducive to growing rice and jute. <br>Statement 3 is incorrect: The right bank tributaries form a trellis pattern of drainage, while the left bank tributaries exhibit the dendritic pattern. Swamps and marshes are numerous in the northern region of the Lower Brahmaputra Valley.<br>"
      },
      "comprehension": "",
      "topicId": "5de8f278f2109b7c7646f6b9",
      "subTopicId": null,
      "__v": 0,
      "disabled": false
    }
  ]